<annotation>
	<folder>images</folder>
	<filename>videoplayback3482.jpg</filename>
	<path>/home/james/W251/MIDS-W251/wk8/hw/images/videoplayback3482.jpg</path>
	<source>
		<database>Unknown</database>
	</source>
	<size>
		<width>1000</width>
		<height>563</height>
		<depth>3</depth>
	</size>
	<segmented>0</segmented>
	<object>
		<name>Tie Fighter</name>
		<pose>Unspecified</pose>
		<truncated>0</truncated>
		<difficult>0</difficult>
		<bndbox>
			<xmin>52</xmin>
			<ymin>197</ymin>
			<xmax>191</xmax>
			<ymax>337</ymax>
		</bndbox>
	</object>
	<object>
		<name>Tie Fighter</name>
		<pose>Unspecified</pose>
		<truncated>0</truncated>
		<difficult>0</difficult>
		<bndbox>
			<xmin>613</xmin>
			<ymin>212</ymin>
			<xmax>937</xmax>
			<ymax>491</ymax>
		</bndbox>
	</object>
	<object>
		<name>Millennium Falcon</name>
		<pose>Unspecified</pose>
		<truncated>0</truncated>
		<difficult>0</difficult>
		<bndbox>
			<xmin>303</xmin>
			<ymin>243</ymin>
			<xmax>428</xmax>
			<ymax>285</ymax>
		</bndbox>
	</object>
</annotation>
