<annotation>
	<folder>images</folder>
	<filename>videoplayback5526.jpg</filename>
	<path>/home/james/W251/MIDS-W251/wk8/hw/images/videoplayback5526.jpg</path>
	<source>
		<database>Unknown</database>
	</source>
	<size>
		<width>1000</width>
		<height>563</height>
		<depth>3</depth>
	</size>
	<segmented>0</segmented>
	<object>
		<name>Millennium Falcon</name>
		<pose>Unspecified</pose>
		<truncated>0</truncated>
		<difficult>0</difficult>
		<bndbox>
			<xmin>818</xmin>
			<ymin>170</ymin>
			<xmax>931</xmax>
			<ymax>245</ymax>
		</bndbox>
	</object>
	<object>
		<name>Tie Fighter</name>
		<pose>Unspecified</pose>
		<truncated>0</truncated>
		<difficult>0</difficult>
		<bndbox>
			<xmin>277</xmin>
			<ymin>261</ymin>
			<xmax>365</xmax>
			<ymax>352</ymax>
		</bndbox>
	</object>
</annotation>
