<annotation>
	<folder>images</folder>
	<filename>videoplayback2795.jpg</filename>
	<path>/home/james/W251/MIDS-W251/wk8/hw/images/videoplayback2795.jpg</path>
	<source>
		<database>Unknown</database>
	</source>
	<size>
		<width>1000</width>
		<height>563</height>
		<depth>3</depth>
	</size>
	<segmented>0</segmented>
	<object>
		<name>Tie Fighter</name>
		<pose>Unspecified</pose>
		<truncated>0</truncated>
		<difficult>0</difficult>
		<bndbox>
			<xmin>560</xmin>
			<ymin>203</ymin>
			<xmax>600</xmax>
			<ymax>256</ymax>
		</bndbox>
	</object>
	<object>
		<name>Tie Fighter</name>
		<pose>Unspecified</pose>
		<truncated>0</truncated>
		<difficult>0</difficult>
		<bndbox>
			<xmin>234</xmin>
			<ymin>305</ymin>
			<xmax>272</xmax>
			<ymax>357</ymax>
		</bndbox>
	</object>
</annotation>
