<annotation>
	<folder>images</folder>
	<filename>videoplayback5304.jpg</filename>
	<path>/home/james/W251/MIDS-W251/wk8/hw/images/videoplayback5304.jpg</path>
	<source>
		<database>Unknown</database>
	</source>
	<size>
		<width>1000</width>
		<height>563</height>
		<depth>3</depth>
	</size>
	<segmented>0</segmented>
	<object>
		<name>Millennium Falcon</name>
		<pose>Unspecified</pose>
		<truncated>0</truncated>
		<difficult>0</difficult>
		<bndbox>
			<xmin>212</xmin>
			<ymin>220</ymin>
			<xmax>267</xmax>
			<ymax>306</ymax>
		</bndbox>
	</object>
	<object>
		<name>Tie Fighter</name>
		<pose>Unspecified</pose>
		<truncated>0</truncated>
		<difficult>0</difficult>
		<bndbox>
			<xmin>331</xmin>
			<ymin>178</ymin>
			<xmax>344</xmax>
			<ymax>195</ymax>
		</bndbox>
	</object>
</annotation>
