<annotation>
	<folder>images</folder>
	<filename>videoplayback3228.jpg</filename>
	<path>/home/james/W251/MIDS-W251/wk8/hw/images/videoplayback3228.jpg</path>
	<source>
		<database>Unknown</database>
	</source>
	<size>
		<width>1000</width>
		<height>563</height>
		<depth>3</depth>
	</size>
	<segmented>0</segmented>
	<object>
		<name>Millennium Falcon</name>
		<pose>Unspecified</pose>
		<truncated>0</truncated>
		<difficult>0</difficult>
		<bndbox>
			<xmin>337</xmin>
			<ymin>274</ymin>
			<xmax>394</xmax>
			<ymax>299</ymax>
		</bndbox>
	</object>
	<object>
		<name>Tie Fighter</name>
		<pose>Unspecified</pose>
		<truncated>0</truncated>
		<difficult>0</difficult>
		<bndbox>
			<xmin>407</xmin>
			<ymin>290</ymin>
			<xmax>435</xmax>
			<ymax>324</ymax>
		</bndbox>
	</object>
	<object>
		<name>Tie Fighter</name>
		<pose>Unspecified</pose>
		<truncated>0</truncated>
		<difficult>0</difficult>
		<bndbox>
			<xmin>312</xmin>
			<ymin>292</ymin>
			<xmax>390</xmax>
			<ymax>383</ymax>
		</bndbox>
	</object>
</annotation>
