<annotation>
	<folder>images</folder>
	<filename>videoplayback4503.jpg</filename>
	<path>/home/james/W251/MIDS-W251/wk8/hw/images/videoplayback4503.jpg</path>
	<source>
		<database>Unknown</database>
	</source>
	<size>
		<width>1000</width>
		<height>563</height>
		<depth>3</depth>
	</size>
	<segmented>0</segmented>
	<object>
		<name>Tie Fighter</name>
		<pose>Unspecified</pose>
		<truncated>0</truncated>
		<difficult>0</difficult>
		<bndbox>
			<xmin>746</xmin>
			<ymin>264</ymin>
			<xmax>757</xmax>
			<ymax>276</ymax>
		</bndbox>
	</object>
	<object>
		<name>Millennium Falcon</name>
		<pose>Unspecified</pose>
		<truncated>0</truncated>
		<difficult>0</difficult>
		<bndbox>
			<xmin>579</xmin>
			<ymin>289</ymin>
			<xmax>619</xmax>
			<ymax>307</ymax>
		</bndbox>
	</object>
</annotation>
