<annotation>
	<folder>images</folder>
	<filename>videoplayback0051.jpg</filename>
	<path>/home/james/W251/MIDS-W251/wk8/hw/images/videoplayback0051.jpg</path>
	<source>
		<database>Unknown</database>
	</source>
	<size>
		<width>1000</width>
		<height>563</height>
		<depth>3</depth>
	</size>
	<segmented>0</segmented>
	<object>
		<name>Tie Fighter</name>
		<pose>Unspecified</pose>
		<truncated>0</truncated>
		<difficult>0</difficult>
		<bndbox>
			<xmin>131</xmin>
			<ymin>150</ymin>
			<xmax>145</xmax>
			<ymax>164</ymax>
		</bndbox>
	</object>
	<object>
		<name>Tie Fighter</name>
		<pose>Unspecified</pose>
		<truncated>0</truncated>
		<difficult>0</difficult>
		<bndbox>
			<xmin>155</xmin>
			<ymin>162</ymin>
			<xmax>170</xmax>
			<ymax>177</ymax>
		</bndbox>
	</object>
</annotation>
