<annotation>
	<folder>images</folder>
	<filename>videoplayback6313.jpg</filename>
	<path>/home/james/W251/MIDS-W251/wk8/hw/images/videoplayback6313.jpg</path>
	<source>
		<database>Unknown</database>
	</source>
	<size>
		<width>1000</width>
		<height>563</height>
		<depth>3</depth>
	</size>
	<segmented>0</segmented>
	<object>
		<name>Tie Fighter</name>
		<pose>Unspecified</pose>
		<truncated>0</truncated>
		<difficult>0</difficult>
		<bndbox>
			<xmin>390</xmin>
			<ymin>126</ymin>
			<xmax>417</xmax>
			<ymax>148</ymax>
		</bndbox>
	</object>
	<object>
		<name>Tie Fighter</name>
		<pose>Unspecified</pose>
		<truncated>0</truncated>
		<difficult>0</difficult>
		<bndbox>
			<xmin>477</xmin>
			<ymin>138</ymin>
			<xmax>503</xmax>
			<ymax>164</ymax>
		</bndbox>
	</object>
	<object>
		<name>Millennium Falcon</name>
		<pose>Unspecified</pose>
		<truncated>0</truncated>
		<difficult>0</difficult>
		<bndbox>
			<xmin>575</xmin>
			<ymin>289</ymin>
			<xmax>682</xmax>
			<ymax>344</ymax>
		</bndbox>
	</object>
</annotation>
