<annotation>
	<folder>images</folder>
	<filename>videoplayback4592.jpg</filename>
	<path>/home/james/W251/MIDS-W251/wk8/hw/images/videoplayback4592.jpg</path>
	<source>
		<database>Unknown</database>
	</source>
	<size>
		<width>1000</width>
		<height>563</height>
		<depth>3</depth>
	</size>
	<segmented>0</segmented>
	<object>
		<name>Tie Fighter</name>
		<pose>Unspecified</pose>
		<truncated>0</truncated>
		<difficult>0</difficult>
		<bndbox>
			<xmin>177</xmin>
			<ymin>71</ymin>
			<xmax>587</xmax>
			<ymax>425</ymax>
		</bndbox>
	</object>
	<object>
		<name>Millennium Falcon</name>
		<pose>Unspecified</pose>
		<truncated>0</truncated>
		<difficult>0</difficult>
		<bndbox>
			<xmin>500</xmin>
			<ymin>157</ymin>
			<xmax>765</xmax>
			<ymax>319</ymax>
		</bndbox>
	</object>
</annotation>
