<annotation>
	<folder>images</folder>
	<filename>videoplayback3810.jpg</filename>
	<path>/home/james/W251/MIDS-W251/wk8/hw/images/videoplayback3810.jpg</path>
	<source>
		<database>Unknown</database>
	</source>
	<size>
		<width>1000</width>
		<height>563</height>
		<depth>3</depth>
	</size>
	<segmented>0</segmented>
	<object>
		<name>Tie Fighter</name>
		<pose>Unspecified</pose>
		<truncated>0</truncated>
		<difficult>0</difficult>
		<bndbox>
			<xmin>353</xmin>
			<ymin>271</ymin>
			<xmax>420</xmax>
			<ymax>337</ymax>
		</bndbox>
	</object>
	<object>
		<name>Tie Fighter</name>
		<pose>Unspecified</pose>
		<truncated>0</truncated>
		<difficult>0</difficult>
		<bndbox>
			<xmin>514</xmin>
			<ymin>314</ymin>
			<xmax>535</xmax>
			<ymax>338</ymax>
		</bndbox>
	</object>
</annotation>
