<annotation>
	<folder>images</folder>
	<filename>videoplayback5717.jpg</filename>
	<path>/home/james/W251/MIDS-W251/wk8/hw/images/videoplayback5717.jpg</path>
	<source>
		<database>Unknown</database>
	</source>
	<size>
		<width>1000</width>
		<height>563</height>
		<depth>3</depth>
	</size>
	<segmented>0</segmented>
	<object>
		<name>Tie Fighter</name>
		<pose>Unspecified</pose>
		<truncated>0</truncated>
		<difficult>0</difficult>
		<bndbox>
			<xmin>453</xmin>
			<ymin>66</ymin>
			<xmax>845</xmax>
			<ymax>463</ymax>
		</bndbox>
	</object>
	<object>
		<name>Millennium Falcon</name>
		<pose>Unspecified</pose>
		<truncated>0</truncated>
		<difficult>0</difficult>
		<bndbox>
			<xmin>248</xmin>
			<ymin>316</ymin>
			<xmax>371</xmax>
			<ymax>413</ymax>
		</bndbox>
	</object>
</annotation>
