<annotation>
	<folder>images</folder>
	<filename>videoplayback4949.jpg</filename>
	<path>/home/james/W251/MIDS-W251/wk8/hw/images/videoplayback4949.jpg</path>
	<source>
		<database>Unknown</database>
	</source>
	<size>
		<width>1000</width>
		<height>563</height>
		<depth>3</depth>
	</size>
	<segmented>0</segmented>
	<object>
		<name>Tie Fighter</name>
		<pose>Unspecified</pose>
		<truncated>0</truncated>
		<difficult>0</difficult>
		<bndbox>
			<xmin>837</xmin>
			<ymin>304</ymin>
			<xmax>936</xmax>
			<ymax>409</ymax>
		</bndbox>
	</object>
	<object>
		<name>Millennium Falcon</name>
		<pose>Unspecified</pose>
		<truncated>0</truncated>
		<difficult>0</difficult>
		<bndbox>
			<xmin>371</xmin>
			<ymin>73</ymin>
			<xmax>997</xmax>
			<ymax>297</ymax>
		</bndbox>
	</object>
</annotation>
