<annotation>
	<folder>images</folder>
	<filename>videoplayback1631.jpg</filename>
	<path>/home/james/W251/MIDS-W251/wk8/hw/images/videoplayback1631.jpg</path>
	<source>
		<database>Unknown</database>
	</source>
	<size>
		<width>1000</width>
		<height>563</height>
		<depth>3</depth>
	</size>
	<segmented>0</segmented>
	<object>
		<name>Tie Fighter</name>
		<pose>Unspecified</pose>
		<truncated>0</truncated>
		<difficult>0</difficult>
		<bndbox>
			<xmin>678</xmin>
			<ymin>259</ymin>
			<xmax>701</xmax>
			<ymax>283</ymax>
		</bndbox>
	</object>
	<object>
		<name>Tie Fighter</name>
		<pose>Unspecified</pose>
		<truncated>0</truncated>
		<difficult>0</difficult>
		<bndbox>
			<xmin>810</xmin>
			<ymin>253</ymin>
			<xmax>852</xmax>
			<ymax>289</ymax>
		</bndbox>
	</object>
	<object>
		<name>Millennium Falcon</name>
		<pose>Unspecified</pose>
		<truncated>0</truncated>
		<difficult>0</difficult>
		<bndbox>
			<xmin>272</xmin>
			<ymin>298</ymin>
			<xmax>886</xmax>
			<ymax>466</ymax>
		</bndbox>
	</object>
</annotation>
