<annotation>
	<folder>images</folder>
	<filename>videoplayback1655.jpg</filename>
	<path>/home/james/W251/MIDS-W251/wk8/hw/images/videoplayback1655.jpg</path>
	<source>
		<database>Unknown</database>
	</source>
	<size>
		<width>1000</width>
		<height>563</height>
		<depth>3</depth>
	</size>
	<segmented>0</segmented>
	<object>
		<name>Tie Fighter</name>
		<pose>Unspecified</pose>
		<truncated>0</truncated>
		<difficult>0</difficult>
		<bndbox>
			<xmin>558</xmin>
			<ymin>241</ymin>
			<xmax>570</xmax>
			<ymax>254</ymax>
		</bndbox>
	</object>
	<object>
		<name>Millennium Falcon</name>
		<pose>Unspecified</pose>
		<truncated>0</truncated>
		<difficult>0</difficult>
		<bndbox>
			<xmin>299</xmin>
			<ymin>286</ymin>
			<xmax>886</xmax>
			<ymax>454</ymax>
		</bndbox>
	</object>
</annotation>
