<annotation>
	<folder>images</folder>
	<filename>videoplayback4634.jpg</filename>
	<path>/home/james/W251/MIDS-W251/wk8/hw/images/videoplayback4634.jpg</path>
	<source>
		<database>Unknown</database>
	</source>
	<size>
		<width>1000</width>
		<height>563</height>
		<depth>3</depth>
	</size>
	<segmented>0</segmented>
	<object>
		<name>Tie Fighter</name>
		<pose>Unspecified</pose>
		<truncated>0</truncated>
		<difficult>0</difficult>
		<bndbox>
			<xmin>577</xmin>
			<ymin>219</ymin>
			<xmax>635</xmax>
			<ymax>272</ymax>
		</bndbox>
	</object>
	<object>
		<name>Millennium Falcon</name>
		<pose>Unspecified</pose>
		<truncated>0</truncated>
		<difficult>0</difficult>
		<bndbox>
			<xmin>162</xmin>
			<ymin>241</ymin>
			<xmax>292</xmax>
			<ymax>276</ymax>
		</bndbox>
	</object>
</annotation>
