<annotation>
	<folder>images</folder>
	<filename>videoplayback4208.jpg</filename>
	<path>/home/james/W251/MIDS-W251/wk8/hw/images/videoplayback4208.jpg</path>
	<source>
		<database>Unknown</database>
	</source>
	<size>
		<width>1000</width>
		<height>563</height>
		<depth>3</depth>
	</size>
	<segmented>0</segmented>
	<object>
		<name>Tie Fighter</name>
		<pose>Unspecified</pose>
		<truncated>0</truncated>
		<difficult>0</difficult>
		<bndbox>
			<xmin>521</xmin>
			<ymin>340</ymin>
			<xmax>640</xmax>
			<ymax>466</ymax>
		</bndbox>
	</object>
	<object>
		<name>Tie Fighter</name>
		<pose>Unspecified</pose>
		<truncated>0</truncated>
		<difficult>0</difficult>
		<bndbox>
			<xmin>666</xmin>
			<ymin>220</ymin>
			<xmax>706</xmax>
			<ymax>263</ymax>
		</bndbox>
	</object>
	<object>
		<name>Millennium Falcon</name>
		<pose>Unspecified</pose>
		<truncated>0</truncated>
		<difficult>0</difficult>
		<bndbox>
			<xmin>459</xmin>
			<ymin>209</ymin>
			<xmax>551</xmax>
			<ymax>243</ymax>
		</bndbox>
	</object>
</annotation>
