<annotation>
	<folder>images</folder>
	<filename>videoplayback2710.jpg</filename>
	<path>/home/james/W251/MIDS-W251/wk8/hw/images/videoplayback2710.jpg</path>
	<source>
		<database>Unknown</database>
	</source>
	<size>
		<width>1000</width>
		<height>563</height>
		<depth>3</depth>
	</size>
	<segmented>0</segmented>
	<object>
		<name>Tie Fighter</name>
		<pose>Unspecified</pose>
		<truncated>0</truncated>
		<difficult>0</difficult>
		<bndbox>
			<xmin>138</xmin>
			<ymin>225</ymin>
			<xmax>190</xmax>
			<ymax>282</ymax>
		</bndbox>
	</object>
	<object>
		<name>Tie Fighter</name>
		<pose>Unspecified</pose>
		<truncated>0</truncated>
		<difficult>0</difficult>
		<bndbox>
			<xmin>171</xmin>
			<ymin>163</ymin>
			<xmax>286</xmax>
			<ymax>287</ymax>
		</bndbox>
	</object>
	<object>
		<name>Millennium Falcon</name>
		<pose>Unspecified</pose>
		<truncated>0</truncated>
		<difficult>0</difficult>
		<bndbox>
			<xmin>349</xmin>
			<ymin>73</ymin>
			<xmax>979</xmax>
			<ymax>489</ymax>
		</bndbox>
	</object>
</annotation>
