<annotation>
	<folder>images</folder>
	<filename>videoplayback3222.jpg</filename>
	<path>/home/james/W251/MIDS-W251/wk8/hw/images/videoplayback3222.jpg</path>
	<source>
		<database>Unknown</database>
	</source>
	<size>
		<width>1000</width>
		<height>563</height>
		<depth>3</depth>
	</size>
	<segmented>0</segmented>
	<object>
		<name>Millennium Falcon</name>
		<pose>Unspecified</pose>
		<truncated>0</truncated>
		<difficult>0</difficult>
		<bndbox>
			<xmin>352</xmin>
			<ymin>302</ymin>
			<xmax>426</xmax>
			<ymax>322</ymax>
		</bndbox>
	</object>
	<object>
		<name>Tie Fighter</name>
		<pose>Unspecified</pose>
		<truncated>0</truncated>
		<difficult>0</difficult>
		<bndbox>
			<xmin>436</xmin>
			<ymin>299</ymin>
			<xmax>468</xmax>
			<ymax>339</ymax>
		</bndbox>
	</object>
	<object>
		<name>Tie Fighter</name>
		<pose>Unspecified</pose>
		<truncated>0</truncated>
		<difficult>0</difficult>
		<bndbox>
			<xmin>395</xmin>
			<ymin>88</ymin>
			<xmax>737</xmax>
			<ymax>466</ymax>
		</bndbox>
	</object>
</annotation>
