<annotation>
	<folder>images</folder>
	<filename>videoplayback2924.jpg</filename>
	<path>/home/james/W251/MIDS-W251/wk8/hw/images/videoplayback2924.jpg</path>
	<source>
		<database>Unknown</database>
	</source>
	<size>
		<width>1000</width>
		<height>563</height>
		<depth>3</depth>
	</size>
	<segmented>0</segmented>
	<object>
		<name>Tie Fighter</name>
		<pose>Unspecified</pose>
		<truncated>0</truncated>
		<difficult>0</difficult>
		<bndbox>
			<xmin>359</xmin>
			<ymin>328</ymin>
			<xmax>395</xmax>
			<ymax>373</ymax>
		</bndbox>
	</object>
	<object>
		<name>Tie Fighter</name>
		<pose>Unspecified</pose>
		<truncated>0</truncated>
		<difficult>0</difficult>
		<bndbox>
			<xmin>617</xmin>
			<ymin>313</ymin>
			<xmax>702</xmax>
			<ymax>409</ymax>
		</bndbox>
	</object>
	<object>
		<name>Millennium Falcon</name>
		<pose>Unspecified</pose>
		<truncated>0</truncated>
		<difficult>0</difficult>
		<bndbox>
			<xmin>133</xmin>
			<ymin>73</ymin>
			<xmax>917</xmax>
			<ymax>324</ymax>
		</bndbox>
	</object>
</annotation>
