<annotation>
	<folder>images</folder>
	<filename>videoplayback1591.jpg</filename>
	<path>/home/james/W251/MIDS-W251/wk8/hw/images/videoplayback1591.jpg</path>
	<source>
		<database>Unknown</database>
	</source>
	<size>
		<width>1000</width>
		<height>563</height>
		<depth>3</depth>
	</size>
	<segmented>0</segmented>
	<object>
		<name>Tie Fighter</name>
		<pose>Unspecified</pose>
		<truncated>0</truncated>
		<difficult>0</difficult>
		<bndbox>
			<xmin>80</xmin>
			<ymin>174</ymin>
			<xmax>134</xmax>
			<ymax>216</ymax>
		</bndbox>
	</object>
	<object>
		<name>Tie Fighter</name>
		<pose>Unspecified</pose>
		<truncated>0</truncated>
		<difficult>0</difficult>
		<bndbox>
			<xmin>57</xmin>
			<ymin>112</ymin>
			<xmax>165</xmax>
			<ymax>200</ymax>
		</bndbox>
	</object>
</annotation>
