<annotation>
	<folder>images</folder>
	<filename>videoplayback2900.jpg</filename>
	<path>/home/james/W251/MIDS-W251/wk8/hw/images/videoplayback2900.jpg</path>
	<source>
		<database>Unknown</database>
	</source>
	<size>
		<width>1000</width>
		<height>563</height>
		<depth>3</depth>
	</size>
	<segmented>0</segmented>
	<object>
		<name>Tie Fighter</name>
		<pose>Unspecified</pose>
		<truncated>0</truncated>
		<difficult>0</difficult>
		<bndbox>
			<xmin>588</xmin>
			<ymin>167</ymin>
			<xmax>633</xmax>
			<ymax>216</ymax>
		</bndbox>
	</object>
	<object>
		<name>Millennium Falcon</name>
		<pose>Unspecified</pose>
		<truncated>1</truncated>
		<difficult>0</difficult>
		<bndbox>
			<xmin>1</xmin>
			<ymin>105</ymin>
			<xmax>625</xmax>
			<ymax>401</ymax>
		</bndbox>
	</object>
</annotation>
