<annotation>
	<folder>images</folder>
	<filename>videoplayback3458.jpg</filename>
	<path>/home/james/W251/MIDS-W251/wk8/hw/images/videoplayback3458.jpg</path>
	<source>
		<database>Unknown</database>
	</source>
	<size>
		<width>1000</width>
		<height>563</height>
		<depth>3</depth>
	</size>
	<segmented>0</segmented>
	<object>
		<name>Tie Fighter</name>
		<pose>Unspecified</pose>
		<truncated>1</truncated>
		<difficult>0</difficult>
		<bndbox>
			<xmin>709</xmin>
			<ymin>216</ymin>
			<xmax>1000</xmax>
			<ymax>491</ymax>
		</bndbox>
	</object>
	<object>
		<name>Tie Fighter</name>
		<pose>Unspecified</pose>
		<truncated>0</truncated>
		<difficult>0</difficult>
		<bndbox>
			<xmin>281</xmin>
			<ymin>185</ymin>
			<xmax>414</xmax>
			<ymax>339</ymax>
		</bndbox>
	</object>
	<object>
		<name>Millennium Falcon</name>
		<pose>Unspecified</pose>
		<truncated>0</truncated>
		<difficult>0</difficult>
		<bndbox>
			<xmin>339</xmin>
			<ymin>210</ymin>
			<xmax>474</xmax>
			<ymax>274</ymax>
		</bndbox>
	</object>
</annotation>
