<annotation>
	<folder>images</folder>
	<filename>videoplayback6301.jpg</filename>
	<path>/home/james/W251/MIDS-W251/wk8/hw/images/videoplayback6301.jpg</path>
	<source>
		<database>Unknown</database>
	</source>
	<size>
		<width>1000</width>
		<height>563</height>
		<depth>3</depth>
	</size>
	<segmented>0</segmented>
	<object>
		<name>Millennium Falcon</name>
		<pose>Unspecified</pose>
		<truncated>0</truncated>
		<difficult>0</difficult>
		<bndbox>
			<xmin>587</xmin>
			<ymin>222</ymin>
			<xmax>663</xmax>
			<ymax>325</ymax>
		</bndbox>
	</object>
	<object>
		<name>Tie Fighter</name>
		<pose>Unspecified</pose>
		<truncated>0</truncated>
		<difficult>0</difficult>
		<bndbox>
			<xmin>498</xmin>
			<ymin>196</ymin>
			<xmax>518</xmax>
			<ymax>217</ymax>
		</bndbox>
	</object>
	<object>
		<name>Tie Fighter</name>
		<pose>Unspecified</pose>
		<truncated>0</truncated>
		<difficult>0</difficult>
		<bndbox>
			<xmin>422</xmin>
			<ymin>191</ymin>
			<xmax>442</xmax>
			<ymax>211</ymax>
		</bndbox>
	</object>
</annotation>
