<annotation>
	<folder>images</folder>
	<filename>videoplayback3391.jpg</filename>
	<path>/home/james/W251/MIDS-W251/wk8/hw/images/videoplayback3391.jpg</path>
	<source>
		<database>Unknown</database>
	</source>
	<size>
		<width>1000</width>
		<height>563</height>
		<depth>3</depth>
	</size>
	<segmented>0</segmented>
	<object>
		<name>Tie Fighter</name>
		<pose>Unspecified</pose>
		<truncated>0</truncated>
		<difficult>0</difficult>
		<bndbox>
			<xmin>504</xmin>
			<ymin>129</ymin>
			<xmax>582</xmax>
			<ymax>214</ymax>
		</bndbox>
	</object>
	<object>
		<name>Tie Fighter</name>
		<pose>Unspecified</pose>
		<truncated>0</truncated>
		<difficult>0</difficult>
		<bndbox>
			<xmin>683</xmin>
			<ymin>184</ymin>
			<xmax>775</xmax>
			<ymax>294</ymax>
		</bndbox>
	</object>
</annotation>
