<annotation>
	<folder>images</folder>
	<filename>videoplayback6259.jpg</filename>
	<path>/home/james/W251/MIDS-W251/wk8/hw/images/videoplayback6259.jpg</path>
	<source>
		<database>Unknown</database>
	</source>
	<size>
		<width>1000</width>
		<height>563</height>
		<depth>3</depth>
	</size>
	<segmented>0</segmented>
	<object>
		<name>Tie Fighter</name>
		<pose>Unspecified</pose>
		<truncated>1</truncated>
		<difficult>0</difficult>
		<bndbox>
			<xmin>1</xmin>
			<ymin>73</ymin>
			<xmax>545</xmax>
			<ymax>491</ymax>
		</bndbox>
	</object>
	<object>
		<name>Millennium Falcon</name>
		<pose>Unspecified</pose>
		<truncated>0</truncated>
		<difficult>0</difficult>
		<bndbox>
			<xmin>587</xmin>
			<ymin>71</ymin>
			<xmax>933</xmax>
			<ymax>439</ymax>
		</bndbox>
	</object>
</annotation>
