<annotation>
	<folder>images</folder>
	<filename>videoplayback1625.jpg</filename>
	<path>/home/james/W251/MIDS-W251/wk8/hw/images/videoplayback1625.jpg</path>
	<source>
		<database>Unknown</database>
	</source>
	<size>
		<width>1000</width>
		<height>563</height>
		<depth>3</depth>
	</size>
	<segmented>0</segmented>
	<object>
		<name>Tie Fighter</name>
		<pose>Unspecified</pose>
		<truncated>0</truncated>
		<difficult>0</difficult>
		<bndbox>
			<xmin>681</xmin>
			<ymin>258</ymin>
			<xmax>711</xmax>
			<ymax>285</ymax>
		</bndbox>
	</object>
	<object>
		<name>Tie Fighter</name>
		<pose>Unspecified</pose>
		<truncated>0</truncated>
		<difficult>0</difficult>
		<bndbox>
			<xmin>826</xmin>
			<ymin>237</ymin>
			<xmax>884</xmax>
			<ymax>288</ymax>
		</bndbox>
	</object>
	<object>
		<name>Millennium Falcon</name>
		<pose>Unspecified</pose>
		<truncated>0</truncated>
		<difficult>0</difficult>
		<bndbox>
			<xmin>261</xmin>
			<ymin>295</ymin>
			<xmax>850</xmax>
			<ymax>455</ymax>
		</bndbox>
	</object>
</annotation>
