<annotation>
	<folder>images</folder>
	<filename>videoplayback4925.jpg</filename>
	<path>/home/james/W251/MIDS-W251/wk8/hw/images/videoplayback4925.jpg</path>
	<source>
		<database>Unknown</database>
	</source>
	<size>
		<width>1000</width>
		<height>563</height>
		<depth>3</depth>
	</size>
	<segmented>0</segmented>
	<object>
		<name>Tie Fighter</name>
		<pose>Unspecified</pose>
		<truncated>0</truncated>
		<difficult>0</difficult>
		<bndbox>
			<xmin>592</xmin>
			<ymin>248</ymin>
			<xmax>667</xmax>
			<ymax>335</ymax>
		</bndbox>
	</object>
	<object>
		<name>Millennium Falcon</name>
		<pose>Unspecified</pose>
		<truncated>1</truncated>
		<difficult>0</difficult>
		<bndbox>
			<xmin>1</xmin>
			<ymin>71</ymin>
			<xmax>1000</xmax>
			<ymax>283</ymax>
		</bndbox>
	</object>
</annotation>
