<annotation>
	<folder>images</folder>
	<filename>videoplayback1790.jpg</filename>
	<path>/home/james/W251/MIDS-W251/wk8/hw/images/videoplayback1790.jpg</path>
	<source>
		<database>Unknown</database>
	</source>
	<size>
		<width>1000</width>
		<height>563</height>
		<depth>3</depth>
	</size>
	<segmented>0</segmented>
	<object>
		<name>Millennium Falcon</name>
		<pose>Unspecified</pose>
		<truncated>0</truncated>
		<difficult>0</difficult>
		<bndbox>
			<xmin>75</xmin>
			<ymin>193</ymin>
			<xmax>925</xmax>
			<ymax>418</ymax>
		</bndbox>
	</object>
	<object>
		<name>Tie Fighter</name>
		<pose>Unspecified</pose>
		<truncated>0</truncated>
		<difficult>0</difficult>
		<bndbox>
			<xmin>387</xmin>
			<ymin>236</ymin>
			<xmax>404</xmax>
			<ymax>249</ymax>
		</bndbox>
	</object>
</annotation>
