<annotation>
	<folder>images</folder>
	<filename>videoplayback6662.jpg</filename>
	<path>/home/james/W251/MIDS-W251/wk8/hw/images/videoplayback6662.jpg</path>
	<source>
		<database>Unknown</database>
	</source>
	<size>
		<width>1000</width>
		<height>563</height>
		<depth>3</depth>
	</size>
	<segmented>0</segmented>
	<object>
		<name>Millennium Falcon</name>
		<pose>Unspecified</pose>
		<truncated>0</truncated>
		<difficult>0</difficult>
		<bndbox>
			<xmin>405</xmin>
			<ymin>259</ymin>
			<xmax>460</xmax>
			<ymax>286</ymax>
		</bndbox>
	</object>
</annotation>
