<annotation>
	<folder>images</folder>
	<filename>videoplayback4037.jpg</filename>
	<path>/home/james/W251/MIDS-W251/wk8/hw/images/videoplayback4037.jpg</path>
	<source>
		<database>Unknown</database>
	</source>
	<size>
		<width>1000</width>
		<height>563</height>
		<depth>3</depth>
	</size>
	<segmented>0</segmented>
	<object>
		<name>Tie Fighter</name>
		<pose>Unspecified</pose>
		<truncated>0</truncated>
		<difficult>0</difficult>
		<bndbox>
			<xmin>744</xmin>
			<ymin>199</ymin>
			<xmax>893</xmax>
			<ymax>348</ymax>
		</bndbox>
	</object>
	<object>
		<name>Tie Fighter</name>
		<pose>Unspecified</pose>
		<truncated>1</truncated>
		<difficult>0</difficult>
		<bndbox>
			<xmin>889</xmin>
			<ymin>238</ymin>
			<xmax>1000</xmax>
			<ymax>403</ymax>
		</bndbox>
	</object>
</annotation>
