<annotation>
	<folder>images</folder>
	<filename>videoplayback5741.jpg</filename>
	<path>/home/james/W251/MIDS-W251/wk8/hw/images/videoplayback5741.jpg</path>
	<source>
		<database>Unknown</database>
	</source>
	<size>
		<width>1000</width>
		<height>563</height>
		<depth>3</depth>
	</size>
	<segmented>0</segmented>
	<object>
		<name>Tie Fighter</name>
		<pose>Unspecified</pose>
		<truncated>1</truncated>
		<difficult>0</difficult>
		<bndbox>
			<xmin>1</xmin>
			<ymin>73</ymin>
			<xmax>249</xmax>
			<ymax>358</ymax>
		</bndbox>
	</object>
	<object>
		<name>Millennium Falcon</name>
		<pose>Unspecified</pose>
		<truncated>0</truncated>
		<difficult>0</difficult>
		<bndbox>
			<xmin>617</xmin>
			<ymin>251</ymin>
			<xmax>740</xmax>
			<ymax>400</ymax>
		</bndbox>
	</object>
</annotation>
