<annotation>
	<folder>images</folder>
	<filename>videoplayback1808.jpg</filename>
	<path>/home/james/W251/MIDS-W251/wk8/hw/images/videoplayback1808.jpg</path>
	<source>
		<database>Unknown</database>
	</source>
	<size>
		<width>1000</width>
		<height>563</height>
		<depth>3</depth>
	</size>
	<segmented>0</segmented>
	<object>
		<name>Tie Fighter</name>
		<pose>Unspecified</pose>
		<truncated>0</truncated>
		<difficult>0</difficult>
		<bndbox>
			<xmin>278</xmin>
			<ymin>201</ymin>
			<xmax>313</xmax>
			<ymax>236</ymax>
		</bndbox>
	</object>
	<object>
		<name>Tie Fighter</name>
		<pose>Unspecified</pose>
		<truncated>0</truncated>
		<difficult>0</difficult>
		<bndbox>
			<xmin>343</xmin>
			<ymin>240</ymin>
			<xmax>360</xmax>
			<ymax>254</ymax>
		</bndbox>
	</object>
	<object>
		<name>Millennium Falcon</name>
		<pose>Unspecified</pose>
		<truncated>0</truncated>
		<difficult>0</difficult>
		<bndbox>
			<xmin>67</xmin>
			<ymin>254</ymin>
			<xmax>868</xmax>
			<ymax>479</ymax>
		</bndbox>
	</object>
</annotation>
