<annotation>
	<folder>images</folder>
	<filename>videoplayback1643.jpg</filename>
	<path>/home/james/W251/MIDS-W251/wk8/hw/images/videoplayback1643.jpg</path>
	<source>
		<database>Unknown</database>
	</source>
	<size>
		<width>1000</width>
		<height>563</height>
		<depth>3</depth>
	</size>
	<segmented>0</segmented>
	<object>
		<name>Tie Fighter</name>
		<pose>Unspecified</pose>
		<truncated>0</truncated>
		<difficult>0</difficult>
		<bndbox>
			<xmin>610</xmin>
			<ymin>241</ymin>
			<xmax>628</xmax>
			<ymax>257</ymax>
		</bndbox>
	</object>
	<object>
		<name>Tie Fighter</name>
		<pose>Unspecified</pose>
		<truncated>0</truncated>
		<difficult>0</difficult>
		<bndbox>
			<xmin>720</xmin>
			<ymin>250</ymin>
			<xmax>744</xmax>
			<ymax>273</ymax>
		</bndbox>
	</object>
	<object>
		<name>Millennium Falcon</name>
		<pose>Unspecified</pose>
		<truncated>0</truncated>
		<difficult>0</difficult>
		<bndbox>
			<xmin>293</xmin>
			<ymin>287</ymin>
			<xmax>881</xmax>
			<ymax>442</ymax>
		</bndbox>
	</object>
</annotation>
