<annotation>
	<folder>images</folder>
	<filename>videoplayback4013.jpg</filename>
	<path>/home/james/W251/MIDS-W251/wk8/hw/images/videoplayback4013.jpg</path>
	<source>
		<database>Unknown</database>
	</source>
	<size>
		<width>1000</width>
		<height>563</height>
		<depth>3</depth>
	</size>
	<segmented>0</segmented>
	<object>
		<name>Tie Fighter</name>
		<pose>Unspecified</pose>
		<truncated>0</truncated>
		<difficult>0</difficult>
		<bndbox>
			<xmin>539</xmin>
			<ymin>353</ymin>
			<xmax>619</xmax>
			<ymax>437</ymax>
		</bndbox>
	</object>
	<object>
		<name>Tie Fighter</name>
		<pose>Unspecified</pose>
		<truncated>0</truncated>
		<difficult>0</difficult>
		<bndbox>
			<xmin>514</xmin>
			<ymin>351</ymin>
			<xmax>585</xmax>
			<ymax>419</ymax>
		</bndbox>
	</object>
	<object>
		<name>Millennium Falcon</name>
		<pose>Unspecified</pose>
		<truncated>0</truncated>
		<difficult>0</difficult>
		<bndbox>
			<xmin>393</xmin>
			<ymin>247</ymin>
			<xmax>635</xmax>
			<ymax>406</ymax>
		</bndbox>
	</object>
</annotation>
