<annotation>
	<folder>images</folder>
	<filename>videoplayback4419.jpg</filename>
	<path>/home/james/W251/MIDS-W251/wk8/hw/images/videoplayback4419.jpg</path>
	<source>
		<database>Unknown</database>
	</source>
	<size>
		<width>1000</width>
		<height>563</height>
		<depth>3</depth>
	</size>
	<segmented>0</segmented>
	<object>
		<name>Tie Fighter</name>
		<pose>Unspecified</pose>
		<truncated>0</truncated>
		<difficult>0</difficult>
		<bndbox>
			<xmin>759</xmin>
			<ymin>304</ymin>
			<xmax>919</xmax>
			<ymax>464</ymax>
		</bndbox>
	</object>
	<object>
		<name>Tie Fighter</name>
		<pose>Unspecified</pose>
		<truncated>0</truncated>
		<difficult>0</difficult>
		<bndbox>
			<xmin>452</xmin>
			<ymin>332</ymin>
			<xmax>508</xmax>
			<ymax>385</ymax>
		</bndbox>
	</object>
	<object>
		<name>Millennium Falcon</name>
		<pose>Unspecified</pose>
		<truncated>0</truncated>
		<difficult>0</difficult>
		<bndbox>
			<xmin>447</xmin>
			<ymin>312</ymin>
			<xmax>506</xmax>
			<ymax>330</ymax>
		</bndbox>
	</object>
</annotation>
