<annotation>
	<folder>images</folder>
	<filename>videoplayback4124.jpg</filename>
	<path>/home/james/W251/MIDS-W251/wk8/hw/images/videoplayback4124.jpg</path>
	<source>
		<database>Unknown</database>
	</source>
	<size>
		<width>1000</width>
		<height>563</height>
		<depth>3</depth>
	</size>
	<segmented>0</segmented>
	<object>
		<name>Millennium Falcon</name>
		<pose>Unspecified</pose>
		<truncated>0</truncated>
		<difficult>0</difficult>
		<bndbox>
			<xmin>592</xmin>
			<ymin>219</ymin>
			<xmax>669</xmax>
			<ymax>310</ymax>
		</bndbox>
	</object>
	<object>
		<name>Tie Fighter</name>
		<pose>Unspecified</pose>
		<truncated>0</truncated>
		<difficult>0</difficult>
		<bndbox>
			<xmin>556</xmin>
			<ymin>89</ymin>
			<xmax>738</xmax>
			<ymax>295</ymax>
		</bndbox>
	</object>
</annotation>
