<annotation>
	<folder>images</folder>
	<filename>videoplayback5532.jpg</filename>
	<path>/home/james/W251/MIDS-W251/wk8/hw/images/videoplayback5532.jpg</path>
	<source>
		<database>Unknown</database>
	</source>
	<size>
		<width>1000</width>
		<height>563</height>
		<depth>3</depth>
	</size>
	<segmented>0</segmented>
	<object>
		<name>Tie Fighter</name>
		<pose>Unspecified</pose>
		<truncated>0</truncated>
		<difficult>0</difficult>
		<bndbox>
			<xmin>300</xmin>
			<ymin>263</ymin>
			<xmax>363</xmax>
			<ymax>330</ymax>
		</bndbox>
	</object>
	<object>
		<name>Millennium Falcon</name>
		<pose>Unspecified</pose>
		<truncated>0</truncated>
		<difficult>0</difficult>
		<bndbox>
			<xmin>820</xmin>
			<ymin>145</ymin>
			<xmax>924</xmax>
			<ymax>213</ymax>
		</bndbox>
	</object>
</annotation>
