<annotation>
	<folder>images</folder>
	<filename>videoplayback3678.jpg</filename>
	<path>/home/james/W251/MIDS-W251/wk8/hw/images/videoplayback3678.jpg</path>
	<source>
		<database>Unknown</database>
	</source>
	<size>
		<width>1000</width>
		<height>563</height>
		<depth>3</depth>
	</size>
	<segmented>0</segmented>
	<object>
		<name>Tie Fighter</name>
		<pose>Unspecified</pose>
		<truncated>0</truncated>
		<difficult>0</difficult>
		<bndbox>
			<xmin>923</xmin>
			<ymin>308</ymin>
			<xmax>955</xmax>
			<ymax>343</ymax>
		</bndbox>
	</object>
	<object>
		<name>Millennium Falcon</name>
		<pose>Unspecified</pose>
		<truncated>0</truncated>
		<difficult>0</difficult>
		<bndbox>
			<xmin>341</xmin>
			<ymin>110</ymin>
			<xmax>717</xmax>
			<ymax>399</ymax>
		</bndbox>
	</object>
</annotation>
