<annotation>
	<folder>images</folder>
	<filename>videoplayback3672.jpg</filename>
	<path>/home/james/W251/MIDS-W251/wk8/hw/images/videoplayback3672.jpg</path>
	<source>
		<database>Unknown</database>
	</source>
	<size>
		<width>1000</width>
		<height>563</height>
		<depth>3</depth>
	</size>
	<segmented>0</segmented>
	<object>
		<name>Tie Fighter</name>
		<pose>Unspecified</pose>
		<truncated>0</truncated>
		<difficult>0</difficult>
		<bndbox>
			<xmin>885</xmin>
			<ymin>332</ymin>
			<xmax>916</xmax>
			<ymax>367</ymax>
		</bndbox>
	</object>
	<object>
		<name>Tie Fighter</name>
		<pose>Unspecified</pose>
		<truncated>0</truncated>
		<difficult>0</difficult>
		<bndbox>
			<xmin>357</xmin>
			<ymin>170</ymin>
			<xmax>728</xmax>
			<ymax>394</ymax>
		</bndbox>
	</object>
</annotation>
