<annotation>
	<folder>images</folder>
	<filename>videoplayback6086.jpg</filename>
	<path>/home/james/W251/MIDS-W251/wk8/hw/images/videoplayback6086.jpg</path>
	<source>
		<database>Unknown</database>
	</source>
	<size>
		<width>1000</width>
		<height>563</height>
		<depth>3</depth>
	</size>
	<segmented>0</segmented>
	<object>
		<name>Tie Fighter</name>
		<pose>Unspecified</pose>
		<truncated>0</truncated>
		<difficult>0</difficult>
		<bndbox>
			<xmin>319</xmin>
			<ymin>212</ymin>
			<xmax>367</xmax>
			<ymax>258</ymax>
		</bndbox>
	</object>
	<object>
		<name>Millennium Falcon</name>
		<pose>Unspecified</pose>
		<truncated>0</truncated>
		<difficult>0</difficult>
		<bndbox>
			<xmin>353</xmin>
			<ymin>228</ymin>
			<xmax>700</xmax>
			<ymax>445</ymax>
		</bndbox>
	</object>
</annotation>
