<annotation>
	<folder>images</folder>
	<filename>videoplayback4288.jpg</filename>
	<path>/home/james/W251/MIDS-W251/wk8/hw/images/videoplayback4288.jpg</path>
	<source>
		<database>Unknown</database>
	</source>
	<size>
		<width>1000</width>
		<height>563</height>
		<depth>3</depth>
	</size>
	<segmented>0</segmented>
	<object>
		<name>Millennium Falcon</name>
		<pose>Unspecified</pose>
		<truncated>0</truncated>
		<difficult>0</difficult>
		<bndbox>
			<xmin>296</xmin>
			<ymin>296</ymin>
			<xmax>443</xmax>
			<ymax>329</ymax>
		</bndbox>
	</object>
	<object>
		<name>Tie Fighter</name>
		<pose>Unspecified</pose>
		<truncated>0</truncated>
		<difficult>0</difficult>
		<bndbox>
			<xmin>411</xmin>
			<ymin>79</ymin>
			<xmax>608</xmax>
			<ymax>292</ymax>
		</bndbox>
	</object>
</annotation>
