<annotation>
	<folder>images</folder>
	<filename>videoplayback3180.jpg</filename>
	<path>/home/james/W251/MIDS-W251/wk8/hw/images/videoplayback3180.jpg</path>
	<source>
		<database>Unknown</database>
	</source>
	<size>
		<width>1000</width>
		<height>563</height>
		<depth>3</depth>
	</size>
	<segmented>0</segmented>
	<object>
		<name>Tie Fighter</name>
		<pose>Unspecified</pose>
		<truncated>0</truncated>
		<difficult>0</difficult>
		<bndbox>
			<xmin>500</xmin>
			<ymin>186</ymin>
			<xmax>522</xmax>
			<ymax>211</ymax>
		</bndbox>
	</object>
	<object>
		<name>Tie Fighter</name>
		<pose>Unspecified</pose>
		<truncated>0</truncated>
		<difficult>0</difficult>
		<bndbox>
			<xmin>618</xmin>
			<ymin>205</ymin>
			<xmax>635</xmax>
			<ymax>224</ymax>
		</bndbox>
	</object>
	<object>
		<name>Millennium Falcon</name>
		<pose>Unspecified</pose>
		<truncated>0</truncated>
		<difficult>0</difficult>
		<bndbox>
			<xmin>525</xmin>
			<ymin>230</ymin>
			<xmax>629</xmax>
			<ymax>262</ymax>
		</bndbox>
	</object>
</annotation>
