<annotation>
	<folder>images</folder>
	<filename>videoplayback1802.jpg</filename>
	<path>/home/james/W251/MIDS-W251/wk8/hw/images/videoplayback1802.jpg</path>
	<source>
		<database>Unknown</database>
	</source>
	<size>
		<width>1000</width>
		<height>563</height>
		<depth>3</depth>
	</size>
	<segmented>0</segmented>
	<object>
		<name>Tie Fighter</name>
		<pose>Unspecified</pose>
		<truncated>0</truncated>
		<difficult>0</difficult>
		<bndbox>
			<xmin>317</xmin>
			<ymin>220</ymin>
			<xmax>345</xmax>
			<ymax>248</ymax>
		</bndbox>
	</object>
	<object>
		<name>Tie Fighter</name>
		<pose>Unspecified</pose>
		<truncated>0</truncated>
		<difficult>0</difficult>
		<bndbox>
			<xmin>384</xmin>
			<ymin>255</ymin>
			<xmax>399</xmax>
			<ymax>269</ymax>
		</bndbox>
	</object>
	<object>
		<name>Millennium Falcon</name>
		<pose>Unspecified</pose>
		<truncated>0</truncated>
		<difficult>0</difficult>
		<bndbox>
			<xmin>87</xmin>
			<ymin>263</ymin>
			<xmax>914</xmax>
			<ymax>490</ymax>
		</bndbox>
	</object>
</annotation>
