<annotation>
	<folder>images</folder>
	<filename>videoplayback4202.jpg</filename>
	<path>/home/james/W251/MIDS-W251/wk8/hw/images/videoplayback4202.jpg</path>
	<source>
		<database>Unknown</database>
	</source>
	<size>
		<width>1000</width>
		<height>563</height>
		<depth>3</depth>
	</size>
	<segmented>0</segmented>
	<object>
		<name>Tie Fighter</name>
		<pose>Unspecified</pose>
		<truncated>0</truncated>
		<difficult>0</difficult>
		<bndbox>
			<xmin>553</xmin>
			<ymin>308</ymin>
			<xmax>690</xmax>
			<ymax>457</ymax>
		</bndbox>
	</object>
	<object>
		<name>Tie Fighter</name>
		<pose>Unspecified</pose>
		<truncated>0</truncated>
		<difficult>0</difficult>
		<bndbox>
			<xmin>663</xmin>
			<ymin>150</ymin>
			<xmax>710</xmax>
			<ymax>198</ymax>
		</bndbox>
	</object>
	<object>
		<name>Millennium Falcon</name>
		<pose>Unspecified</pose>
		<truncated>0</truncated>
		<difficult>0</difficult>
		<bndbox>
			<xmin>475</xmin>
			<ymin>158</ymin>
			<xmax>569</xmax>
			<ymax>204</ymax>
		</bndbox>
	</object>
</annotation>
