<annotation>
	<folder>images</folder>
	<filename>videoplayback6056.jpg</filename>
	<path>/home/james/W251/MIDS-W251/wk8/hw/images/videoplayback6056.jpg</path>
	<source>
		<database>Unknown</database>
	</source>
	<size>
		<width>1000</width>
		<height>563</height>
		<depth>3</depth>
	</size>
	<segmented>0</segmented>
	<object>
		<name>Millennium Falcon</name>
		<pose>Unspecified</pose>
		<truncated>0</truncated>
		<difficult>0</difficult>
		<bndbox>
			<xmin>406</xmin>
			<ymin>190</ymin>
			<xmax>473</xmax>
			<ymax>249</ymax>
		</bndbox>
	</object>
	<object>
		<name>Tie Fighter</name>
		<pose>Unspecified</pose>
		<truncated>0</truncated>
		<difficult>0</difficult>
		<bndbox>
			<xmin>99</xmin>
			<ymin>345</ymin>
			<xmax>126</xmax>
			<ymax>370</ymax>
		</bndbox>
	</object>
</annotation>
