<annotation>
	<folder>images</folder>
	<filename>videoplayback2789.jpg</filename>
	<path>/home/james/W251/MIDS-W251/wk8/hw/images/videoplayback2789.jpg</path>
	<source>
		<database>Unknown</database>
	</source>
	<size>
		<width>1000</width>
		<height>563</height>
		<depth>3</depth>
	</size>
	<segmented>0</segmented>
	<object>
		<name>Tie Fighter</name>
		<pose>Unspecified</pose>
		<truncated>0</truncated>
		<difficult>0</difficult>
		<bndbox>
			<xmin>480</xmin>
			<ymin>218</ymin>
			<xmax>520</xmax>
			<ymax>272</ymax>
		</bndbox>
	</object>
	<object>
		<name>Tie Fighter</name>
		<pose>Unspecified</pose>
		<truncated>0</truncated>
		<difficult>0</difficult>
		<bndbox>
			<xmin>117</xmin>
			<ymin>332</ymin>
			<xmax>155</xmax>
			<ymax>385</ymax>
		</bndbox>
	</object>
</annotation>
