<annotation>
	<folder>images</folder>
	<filename>videoplayback3774.jpg</filename>
	<path>/home/james/W251/MIDS-W251/wk8/hw/images/videoplayback3774.jpg</path>
	<source>
		<database>Unknown</database>
	</source>
	<size>
		<width>1000</width>
		<height>563</height>
		<depth>3</depth>
	</size>
	<segmented>0</segmented>
	<object>
		<name>Tie Fighter</name>
		<pose>Unspecified</pose>
		<truncated>0</truncated>
		<difficult>0</difficult>
		<bndbox>
			<xmin>404</xmin>
			<ymin>123</ymin>
			<xmax>643</xmax>
			<ymax>358</ymax>
		</bndbox>
	</object>
	<object>
		<name>Millennium Falcon</name>
		<pose>Unspecified</pose>
		<truncated>0</truncated>
		<difficult>0</difficult>
		<bndbox>
			<xmin>579</xmin>
			<ymin>296</ymin>
			<xmax>636</xmax>
			<ymax>316</ymax>
		</bndbox>
	</object>
</annotation>
