<annotation>
	<folder>images</folder>
	<filename>videoplayback0523.jpg</filename>
	<path>/home/james/W251/MIDS-W251/wk8/hw/images/videoplayback0523.jpg</path>
	<source>
		<database>Unknown</database>
	</source>
	<size>
		<width>1000</width>
		<height>563</height>
		<depth>3</depth>
	</size>
	<segmented>0</segmented>
	<object>
		<name>Tie Fighter</name>
		<pose>Unspecified</pose>
		<truncated>0</truncated>
		<difficult>0</difficult>
		<bndbox>
			<xmin>65</xmin>
			<ymin>161</ymin>
			<xmax>117</xmax>
			<ymax>221</ymax>
		</bndbox>
	</object>
	<object>
		<name>Tie Fighter</name>
		<pose>Unspecified</pose>
		<truncated>0</truncated>
		<difficult>0</difficult>
		<bndbox>
			<xmin>227</xmin>
			<ymin>267</ymin>
			<xmax>243</xmax>
			<ymax>283</ymax>
		</bndbox>
	</object>
</annotation>
