<annotation>
	<folder>images</folder>
	<filename>videoplayback1585.jpg</filename>
	<path>/home/james/W251/MIDS-W251/wk8/hw/images/videoplayback1585.jpg</path>
	<source>
		<database>Unknown</database>
	</source>
	<size>
		<width>1000</width>
		<height>563</height>
		<depth>3</depth>
	</size>
	<segmented>0</segmented>
	<object>
		<name>Tie Fighter</name>
		<pose>Unspecified</pose>
		<truncated>0</truncated>
		<difficult>0</difficult>
		<bndbox>
			<xmin>126</xmin>
			<ymin>149</ymin>
			<xmax>188</xmax>
			<ymax>201</ymax>
		</bndbox>
	</object>
	<object>
		<name>Tie Fighter</name>
		<pose>Unspecified</pose>
		<truncated>0</truncated>
		<difficult>0</difficult>
		<bndbox>
			<xmin>182</xmin>
			<ymin>194</ymin>
			<xmax>217</xmax>
			<ymax>225</ymax>
		</bndbox>
	</object>
</annotation>
