<annotation>
	<folder>images</folder>
	<filename>videoplayback1667.jpg</filename>
	<path>/home/james/W251/MIDS-W251/wk8/hw/images/videoplayback1667.jpg</path>
	<source>
		<database>Unknown</database>
	</source>
	<size>
		<width>1000</width>
		<height>563</height>
		<depth>3</depth>
	</size>
	<segmented>0</segmented>
	<object>
		<name>Tie Fighter</name>
		<pose>Unspecified</pose>
		<truncated>0</truncated>
		<difficult>0</difficult>
		<bndbox>
			<xmin>574</xmin>
			<ymin>229</ymin>
			<xmax>585</xmax>
			<ymax>241</ymax>
		</bndbox>
	</object>
	<object>
		<name>Millennium Falcon</name>
		<pose>Unspecified</pose>
		<truncated>0</truncated>
		<difficult>0</difficult>
		<bndbox>
			<xmin>298</xmin>
			<ymin>261</ymin>
			<xmax>882</xmax>
			<ymax>446</ymax>
		</bndbox>
	</object>
</annotation>
