<annotation>
	<folder>images</folder>
	<filename>videoplayback0547.jpg</filename>
	<path>/home/james/W251/MIDS-W251/wk8/hw/images/videoplayback0547.jpg</path>
	<source>
		<database>Unknown</database>
	</source>
	<size>
		<width>1000</width>
		<height>563</height>
		<depth>3</depth>
	</size>
	<segmented>0</segmented>
	<object>
		<name>Tie Fighter</name>
		<pose>Unspecified</pose>
		<truncated>0</truncated>
		<difficult>0</difficult>
		<bndbox>
			<xmin>151</xmin>
			<ymin>221</ymin>
			<xmax>173</xmax>
			<ymax>244</ymax>
		</bndbox>
	</object>
</annotation>
