<annotation>
	<folder>images</folder>
	<filename>videoplayback4306.jpg</filename>
	<path>/home/james/W251/MIDS-W251/wk8/hw/images/videoplayback4306.jpg</path>
	<source>
		<database>Unknown</database>
	</source>
	<size>
		<width>1000</width>
		<height>563</height>
		<depth>3</depth>
	</size>
	<segmented>0</segmented>
	<object>
		<name>Tie Fighter</name>
		<pose>Unspecified</pose>
		<truncated>0</truncated>
		<difficult>0</difficult>
		<bndbox>
			<xmin>560</xmin>
			<ymin>81</ymin>
			<xmax>813</xmax>
			<ymax>364</ymax>
		</bndbox>
	</object>
	<object>
		<name>Tie Fighter</name>
		<pose>Unspecified</pose>
		<truncated>0</truncated>
		<difficult>0</difficult>
		<bndbox>
			<xmin>424</xmin>
			<ymin>178</ymin>
			<xmax>514</xmax>
			<ymax>282</ymax>
		</bndbox>
	</object>
	<object>
		<name>Millennium Falcon</name>
		<pose>Unspecified</pose>
		<truncated>0</truncated>
		<difficult>0</difficult>
		<bndbox>
			<xmin>366</xmin>
			<ymin>262</ymin>
			<xmax>455</xmax>
			<ymax>288</ymax>
		</bndbox>
	</object>
</annotation>
