<annotation>
	<folder>images</folder>
	<filename>videoplayback3684.jpg</filename>
	<path>/home/james/W251/MIDS-W251/wk8/hw/images/videoplayback3684.jpg</path>
	<source>
		<database>Unknown</database>
	</source>
	<size>
		<width>1000</width>
		<height>563</height>
		<depth>3</depth>
	</size>
	<segmented>0</segmented>
	<object>
		<name>Tie Fighter</name>
		<pose>Unspecified</pose>
		<truncated>1</truncated>
		<difficult>0</difficult>
		<bndbox>
			<xmin>967</xmin>
			<ymin>303</ymin>
			<xmax>1000</xmax>
			<ymax>342</ymax>
		</bndbox>
	</object>
	<object>
		<name>Millennium Falcon</name>
		<pose>Unspecified</pose>
		<truncated>0</truncated>
		<difficult>0</difficult>
		<bndbox>
			<xmin>293</xmin>
			<ymin>76</ymin>
			<xmax>725</xmax>
			<ymax>399</ymax>
		</bndbox>
	</object>
</annotation>
