<annotation>
	<folder>images</folder>
	<filename>videoplayback4312.jpg</filename>
	<path>/home/james/W251/MIDS-W251/wk8/hw/images/videoplayback4312.jpg</path>
	<source>
		<database>Unknown</database>
	</source>
	<size>
		<width>1000</width>
		<height>563</height>
		<depth>3</depth>
	</size>
	<segmented>0</segmented>
	<object>
		<name>Tie Fighter</name>
		<pose>Unspecified</pose>
		<truncated>0</truncated>
		<difficult>0</difficult>
		<bndbox>
			<xmin>582</xmin>
			<ymin>109</ymin>
			<xmax>863</xmax>
			<ymax>394</ymax>
		</bndbox>
	</object>
	<object>
		<name>Tie Fighter</name>
		<pose>Unspecified</pose>
		<truncated>0</truncated>
		<difficult>0</difficult>
		<bndbox>
			<xmin>441</xmin>
			<ymin>213</ymin>
			<xmax>503</xmax>
			<ymax>287</ymax>
		</bndbox>
	</object>
	<object>
		<name>Millennium Falcon</name>
		<pose>Unspecified</pose>
		<truncated>0</truncated>
		<difficult>0</difficult>
		<bndbox>
			<xmin>401</xmin>
			<ymin>273</ymin>
			<xmax>458</xmax>
			<ymax>294</ymax>
		</bndbox>
	</object>
</annotation>
