<annotation>
	<folder>images</folder>
	<filename>videoplayback4425.jpg</filename>
	<path>/home/james/W251/MIDS-W251/wk8/hw/images/videoplayback4425.jpg</path>
	<source>
		<database>Unknown</database>
	</source>
	<size>
		<width>1000</width>
		<height>563</height>
		<depth>3</depth>
	</size>
	<segmented>0</segmented>
	<object>
		<name>Tie Fighter</name>
		<pose>Unspecified</pose>
		<truncated>0</truncated>
		<difficult>0</difficult>
		<bndbox>
			<xmin>696</xmin>
			<ymin>330</ymin>
			<xmax>843</xmax>
			<ymax>477</ymax>
		</bndbox>
	</object>
	<object>
		<name>Tie Fighter</name>
		<pose>Unspecified</pose>
		<truncated>0</truncated>
		<difficult>0</difficult>
		<bndbox>
			<xmin>509</xmin>
			<ymin>307</ymin>
			<xmax>566</xmax>
			<ymax>355</ymax>
		</bndbox>
	</object>
	<object>
		<name>Millennium Falcon</name>
		<pose>Unspecified</pose>
		<truncated>0</truncated>
		<difficult>0</difficult>
		<bndbox>
			<xmin>402</xmin>
			<ymin>275</ymin>
			<xmax>466</xmax>
			<ymax>327</ymax>
		</bndbox>
	</object>
</annotation>
