<annotation>
	<folder>images</folder>
	<filename>videoplayback4437.jpg</filename>
	<path>/home/james/W251/MIDS-W251/wk8/hw/images/videoplayback4437.jpg</path>
	<source>
		<database>Unknown</database>
	</source>
	<size>
		<width>1000</width>
		<height>563</height>
		<depth>3</depth>
	</size>
	<segmented>0</segmented>
	<object>
		<name>Tie Fighter</name>
		<pose>Unspecified</pose>
		<truncated>0</truncated>
		<difficult>0</difficult>
		<bndbox>
			<xmin>834</xmin>
			<ymin>223</ymin>
			<xmax>895</xmax>
			<ymax>267</ymax>
		</bndbox>
	</object>
	<object>
		<name>Tie Fighter</name>
		<pose>Unspecified</pose>
		<truncated>0</truncated>
		<difficult>0</difficult>
		<bndbox>
			<xmin>572</xmin>
			<ymin>314</ymin>
			<xmax>715</xmax>
			<ymax>483</ymax>
		</bndbox>
	</object>
	<object>
		<name>Millennium Falcon</name>
		<pose>Unspecified</pose>
		<truncated>0</truncated>
		<difficult>0</difficult>
		<bndbox>
			<xmin>66</xmin>
			<ymin>206</ymin>
			<xmax>166</xmax>
			<ymax>293</ymax>
		</bndbox>
	</object>
</annotation>
