<annotation>
	<folder>images</folder>
	<filename>videoplayback4509.jpg</filename>
	<path>/home/james/W251/MIDS-W251/wk8/hw/images/videoplayback4509.jpg</path>
	<source>
		<database>Unknown</database>
	</source>
	<size>
		<width>1000</width>
		<height>563</height>
		<depth>3</depth>
	</size>
	<segmented>0</segmented>
	<object>
		<name>Tie Fighter</name>
		<pose>Unspecified</pose>
		<truncated>0</truncated>
		<difficult>0</difficult>
		<bndbox>
			<xmin>765</xmin>
			<ymin>274</ymin>
			<xmax>776</xmax>
			<ymax>285</ymax>
		</bndbox>
	</object>
	<object>
		<name>Millennium Falcon</name>
		<pose>Unspecified</pose>
		<truncated>0</truncated>
		<difficult>0</difficult>
		<bndbox>
			<xmin>533</xmin>
			<ymin>281</ymin>
			<xmax>578</xmax>
			<ymax>301</ymax>
		</bndbox>
	</object>
</annotation>
