<annotation>
	<folder>images</folder>
	<filename>videoplayback5502.jpg</filename>
	<path>/home/james/W251/MIDS-W251/wk8/hw/images/videoplayback5502.jpg</path>
	<source>
		<database>Unknown</database>
	</source>
	<size>
		<width>1000</width>
		<height>563</height>
		<depth>3</depth>
	</size>
	<segmented>0</segmented>
	<object>
		<name>Tie Fighter</name>
		<pose>Unspecified</pose>
		<truncated>0</truncated>
		<difficult>0</difficult>
		<bndbox>
			<xmin>331</xmin>
			<ymin>244</ymin>
			<xmax>433</xmax>
			<ymax>352</ymax>
		</bndbox>
	</object>
	<object>
		<name>Millennium Falcon</name>
		<pose>Unspecified</pose>
		<truncated>0</truncated>
		<difficult>0</difficult>
		<bndbox>
			<xmin>474</xmin>
			<ymin>297</ymin>
			<xmax>502</xmax>
			<ymax>311</ymax>
		</bndbox>
	</object>
</annotation>
