<annotation>
	<folder>images</folder>
	<filename>videoplayback4604.jpg</filename>
	<path>/home/james/W251/MIDS-W251/wk8/hw/images/videoplayback4604.jpg</path>
	<source>
		<database>Unknown</database>
	</source>
	<size>
		<width>1000</width>
		<height>563</height>
		<depth>3</depth>
	</size>
	<segmented>0</segmented>
	<object>
		<name>Tie Fighter</name>
		<pose>Unspecified</pose>
		<truncated>0</truncated>
		<difficult>0</difficult>
		<bndbox>
			<xmin>325</xmin>
			<ymin>148</ymin>
			<xmax>500</xmax>
			<ymax>316</ymax>
		</bndbox>
	</object>
	<object>
		<name>Millennium Falcon</name>
		<pose>Unspecified</pose>
		<truncated>0</truncated>
		<difficult>0</difficult>
		<bndbox>
			<xmin>402</xmin>
			<ymin>133</ymin>
			<xmax>576</xmax>
			<ymax>228</ymax>
		</bndbox>
	</object>
</annotation>
