<annotation verified="yes">
	<folder>images</folder>
	<filename>videoplayback1796.jpg</filename>
	<path>/home/james/W251/MIDS-W251/wk8/hw/images/videoplayback1796.jpg</path>
	<source>
		<database>Unknown</database>
	</source>
	<size>
		<width>1000</width>
		<height>563</height>
		<depth>3</depth>
	</size>
	<segmented>0</segmented>
	<object>
		<name>Millennium Falcon</name>
		<pose>Unspecified</pose>
		<truncated>0</truncated>
		<difficult>0</difficult>
		<bndbox>
			<xmin>83</xmin>
			<ymin>219</ymin>
			<xmax>940</xmax>
			<ymax>466</ymax>
		</bndbox>
	</object>
	<object>
		<name>Tie Fighter</name>
		<pose>Unspecified</pose>
		<truncated>0</truncated>
		<difficult>0</difficult>
		<bndbox>
			<xmin>351</xmin>
			<ymin>227</ymin>
			<xmax>375</xmax>
			<ymax>249</ymax>
		</bndbox>
	</object>
</annotation>
