<annotation>
	<folder>images</folder>
	<filename>videoplayback4184.jpg</filename>
	<path>/home/james/W251/MIDS-W251/wk8/hw/images/videoplayback4184.jpg</path>
	<source>
		<database>Unknown</database>
	</source>
	<size>
		<width>1000</width>
		<height>563</height>
		<depth>3</depth>
	</size>
	<segmented>0</segmented>
	<object>
		<name>Tie Fighter</name>
		<pose>Unspecified</pose>
		<truncated>0</truncated>
		<difficult>0</difficult>
		<bndbox>
			<xmin>603</xmin>
			<ymin>207</ymin>
			<xmax>664</xmax>
			<ymax>261</ymax>
		</bndbox>
	</object>
	<object>
		<name>Millennium Falcon</name>
		<pose>Unspecified</pose>
		<truncated>0</truncated>
		<difficult>0</difficult>
		<bndbox>
			<xmin>488</xmin>
			<ymin>190</ymin>
			<xmax>571</xmax>
			<ymax>278</ymax>
		</bndbox>
	</object>
</annotation>
