<annotation>
	<folder>images</folder>
	<filename>videoplayback2548.jpg</filename>
	<path>/home/james/W251/MIDS-W251/wk8/hw/images/videoplayback2548.jpg</path>
	<source>
		<database>Unknown</database>
	</source>
	<size>
		<width>1000</width>
		<height>563</height>
		<depth>3</depth>
	</size>
	<segmented>0</segmented>
	<object>
		<name>Millennium Falcon</name>
		<pose>Unspecified</pose>
		<truncated>0</truncated>
		<difficult>0</difficult>
		<bndbox>
			<xmin>100</xmin>
			<ymin>92</ymin>
			<xmax>688</xmax>
			<ymax>329</ymax>
		</bndbox>
	</object>
</annotation>
