<annotation>
	<folder>images</folder>
	<filename>videoplayback2807.jpg</filename>
	<path>/home/james/W251/MIDS-W251/wk8/hw/images/videoplayback2807.jpg</path>
	<source>
		<database>Unknown</database>
	</source>
	<size>
		<width>1000</width>
		<height>563</height>
		<depth>3</depth>
	</size>
	<segmented>0</segmented>
	<object>
		<name>Tie Fighter</name>
		<pose>Unspecified</pose>
		<truncated>0</truncated>
		<difficult>0</difficult>
		<bndbox>
			<xmin>419</xmin>
			<ymin>257</ymin>
			<xmax>475</xmax>
			<ymax>313</ymax>
		</bndbox>
	</object>
	<object>
		<name>Tie Fighter</name>
		<pose>Unspecified</pose>
		<truncated>0</truncated>
		<difficult>0</difficult>
		<bndbox>
			<xmin>654</xmin>
			<ymin>201</ymin>
			<xmax>714</xmax>
			<ymax>260</ymax>
		</bndbox>
	</object>
</annotation>
