<annotation>
	<folder>images</folder>
	<filename>videoplayback3804.jpg</filename>
	<path>/home/james/W251/MIDS-W251/wk8/hw/images/videoplayback3804.jpg</path>
	<source>
		<database>Unknown</database>
	</source>
	<size>
		<width>1000</width>
		<height>563</height>
		<depth>3</depth>
	</size>
	<segmented>0</segmented>
	<object>
		<name>Tie Fighter</name>
		<pose>Unspecified</pose>
		<truncated>0</truncated>
		<difficult>0</difficult>
		<bndbox>
			<xmin>339</xmin>
			<ymin>235</ymin>
			<xmax>456</xmax>
			<ymax>345</ymax>
		</bndbox>
	</object>
	<object>
		<name>Tie Fighter</name>
		<pose>Unspecified</pose>
		<truncated>0</truncated>
		<difficult>0</difficult>
		<bndbox>
			<xmin>495</xmin>
			<ymin>304</ymin>
			<xmax>527</xmax>
			<ymax>337</ymax>
		</bndbox>
	</object>
	<object>
		<name>Millennium Falcon</name>
		<pose>Unspecified</pose>
		<truncated>0</truncated>
		<difficult>0</difficult>
		<bndbox>
			<xmin>487</xmin>
			<ymin>340</ymin>
			<xmax>510</xmax>
			<ymax>354</ymax>
		</bndbox>
	</object>
</annotation>
