<annotation verified="yes">
	<folder>images</folder>
	<filename>videoplayback6283.jpg</filename>
	<path>/home/james/W251/MIDS-W251/wk8/hw/images/videoplayback6283.jpg</path>
	<source>
		<database>Unknown</database>
	</source>
	<size>
		<width>1000</width>
		<height>563</height>
		<depth>3</depth>
	</size>
	<segmented>0</segmented>
	<object>
		<name>Tie Fighter</name>
		<pose>Unspecified</pose>
		<truncated>0</truncated>
		<difficult>0</difficult>
		<bndbox>
			<xmin>163</xmin>
			<ymin>115</ymin>
			<xmax>416</xmax>
			<ymax>408</ymax>
		</bndbox>
	</object>
	<object>
		<name>Millennium Falcon</name>
		<pose>Unspecified</pose>
		<truncated>0</truncated>
		<difficult>0</difficult>
		<bndbox>
			<xmin>549</xmin>
			<ymin>277</ymin>
			<xmax>718</xmax>
			<ymax>489</ymax>
		</bndbox>
	</object>
</annotation>
