<annotation>
	<folder>images</folder>
	<filename>videoplayback4847.jpg</filename>
	<path>/home/james/W251/MIDS-W251/wk8/hw/images/videoplayback4847.jpg</path>
	<source>
		<database>Unknown</database>
	</source>
	<size>
		<width>1000</width>
		<height>563</height>
		<depth>3</depth>
	</size>
	<segmented>0</segmented>
	<object>
		<name>Tie Fighter</name>
		<pose>Unspecified</pose>
		<truncated>0</truncated>
		<difficult>0</difficult>
		<bndbox>
			<xmin>531</xmin>
			<ymin>115</ymin>
			<xmax>698</xmax>
			<ymax>321</ymax>
		</bndbox>
	</object>
	<object>
		<name>Millennium Falcon</name>
		<pose>Unspecified</pose>
		<truncated>0</truncated>
		<difficult>0</difficult>
		<bndbox>
			<xmin>181</xmin>
			<ymin>368</ymin>
			<xmax>747</xmax>
			<ymax>491</ymax>
		</bndbox>
	</object>
</annotation>
