<annotation>
	<folder>images</folder>
	<filename>videoplayback4467.jpg</filename>
	<path>/home/james/W251/MIDS-W251/wk8/hw/images/videoplayback4467.jpg</path>
	<source>
		<database>Unknown</database>
	</source>
	<size>
		<width>1000</width>
		<height>563</height>
		<depth>3</depth>
	</size>
	<segmented>0</segmented>
	<object>
		<name>Millennium Falcon</name>
		<pose>Unspecified</pose>
		<truncated>1</truncated>
		<difficult>0</difficult>
		<bndbox>
			<xmin>1</xmin>
			<ymin>116</ymin>
			<xmax>357</xmax>
			<ymax>366</ymax>
		</bndbox>
	</object>
	<object>
		<name>Tie Fighter</name>
		<pose>Unspecified</pose>
		<truncated>0</truncated>
		<difficult>0</difficult>
		<bndbox>
			<xmin>604</xmin>
			<ymin>285</ymin>
			<xmax>657</xmax>
			<ymax>337</ymax>
		</bndbox>
	</object>
</annotation>
