<annotation>
	<folder>images</folder>
	<filename>videoplayback4628.jpg</filename>
	<path>/home/james/W251/MIDS-W251/wk8/hw/images/videoplayback4628.jpg</path>
	<source>
		<database>Unknown</database>
	</source>
	<size>
		<width>1000</width>
		<height>563</height>
		<depth>3</depth>
	</size>
	<segmented>0</segmented>
	<object>
		<name>Tie Fighter</name>
		<pose>Unspecified</pose>
		<truncated>0</truncated>
		<difficult>0</difficult>
		<bndbox>
			<xmin>509</xmin>
			<ymin>178</ymin>
			<xmax>565</xmax>
			<ymax>238</ymax>
		</bndbox>
	</object>
	<object>
		<name>Millennium Falcon</name>
		<pose>Unspecified</pose>
		<truncated>0</truncated>
		<difficult>0</difficult>
		<bndbox>
			<xmin>157</xmin>
			<ymin>230</ymin>
			<xmax>296</xmax>
			<ymax>289</ymax>
		</bndbox>
	</object>
</annotation>
