<annotation>
	<folder>images</folder>
	<filename>videoplayback5358.jpg</filename>
	<path>/home/james/W251/MIDS-W251/wk8/hw/images/videoplayback5358.jpg</path>
	<source>
		<database>Unknown</database>
	</source>
	<size>
		<width>1000</width>
		<height>563</height>
		<depth>3</depth>
	</size>
	<segmented>0</segmented>
	<object>
		<name>Tie Fighter</name>
		<pose>Unspecified</pose>
		<truncated>0</truncated>
		<difficult>0</difficult>
		<bndbox>
			<xmin>464</xmin>
			<ymin>131</ymin>
			<xmax>637</xmax>
			<ymax>310</ymax>
		</bndbox>
	</object>
	<object>
		<name>Millennium Falcon</name>
		<pose>Unspecified</pose>
		<truncated>0</truncated>
		<difficult>0</difficult>
		<bndbox>
			<xmin>748</xmin>
			<ymin>150</ymin>
			<xmax>814</xmax>
			<ymax>175</ymax>
		</bndbox>
	</object>
</annotation>
