<annotation>
	<folder>images</folder>
	<filename>videoplayback5544.jpg</filename>
	<path>/home/james/W251/MIDS-W251/wk8/hw/images/videoplayback5544.jpg</path>
	<source>
		<database>Unknown</database>
	</source>
	<size>
		<width>1000</width>
		<height>563</height>
		<depth>3</depth>
	</size>
	<segmented>0</segmented>
	<object>
		<name>Tie Fighter</name>
		<pose>Unspecified</pose>
		<truncated>0</truncated>
		<difficult>0</difficult>
		<bndbox>
			<xmin>327</xmin>
			<ymin>306</ymin>
			<xmax>365</xmax>
			<ymax>349</ymax>
		</bndbox>
	</object>
	<object>
		<name>Millennium Falcon</name>
		<pose>Unspecified</pose>
		<truncated>0</truncated>
		<difficult>0</difficult>
		<bndbox>
			<xmin>800</xmin>
			<ymin>154</ymin>
			<xmax>878</xmax>
			<ymax>192</ymax>
		</bndbox>
	</object>
</annotation>
