<annotation>
	<folder>images</folder>
	<filename>videoplayback0090.jpg</filename>
	<path>/home/james/W251/MIDS-W251/wk8/hw/images/videoplayback0090.jpg</path>
	<source>
		<database>Unknown</database>
	</source>
	<size>
		<width>1000</width>
		<height>563</height>
		<depth>3</depth>
	</size>
	<segmented>0</segmented>
	<object>
		<name>Tie Fighter</name>
		<pose>Unspecified</pose>
		<truncated>0</truncated>
		<difficult>0</difficult>
		<bndbox>
			<xmin>68</xmin>
			<ymin>257</ymin>
			<xmax>80</xmax>
			<ymax>270</ymax>
		</bndbox>
	</object>
	<object>
		<name>Tie Fighter</name>
		<pose>Unspecified</pose>
		<truncated>0</truncated>
		<difficult>0</difficult>
		<bndbox>
			<xmin>93</xmin>
			<ymin>278</ymin>
			<xmax>104</xmax>
			<ymax>290</ymax>
		</bndbox>
	</object>
</annotation>
