<annotation>
	<folder>images</folder>
	<filename>videoplayback4294.jpg</filename>
	<path>/home/james/W251/MIDS-W251/wk8/hw/images/videoplayback4294.jpg</path>
	<source>
		<database>Unknown</database>
	</source>
	<size>
		<width>1000</width>
		<height>563</height>
		<depth>3</depth>
	</size>
	<segmented>0</segmented>
	<object>
		<name>Tie Fighter</name>
		<pose>Unspecified</pose>
		<truncated>1</truncated>
		<difficult>0</difficult>
		<bndbox>
			<xmin>550</xmin>
			<ymin>71</ymin>
			<xmax>1000</xmax>
			<ymax>434</ymax>
		</bndbox>
	</object>
	<object>
		<name>Tie Fighter</name>
		<pose>Unspecified</pose>
		<truncated>0</truncated>
		<difficult>0</difficult>
		<bndbox>
			<xmin>416</xmin>
			<ymin>121</ymin>
			<xmax>536</xmax>
			<ymax>274</ymax>
		</bndbox>
	</object>
	<object>
		<name>Millennium Falcon</name>
		<pose>Unspecified</pose>
		<truncated>0</truncated>
		<difficult>0</difficult>
		<bndbox>
			<xmin>319</xmin>
			<ymin>274</ymin>
			<xmax>442</xmax>
			<ymax>310</ymax>
		</bndbox>
	</object>
</annotation>
