<annotation>
	<folder>images</folder>
	<filename>videoplayback2801.jpg</filename>
	<path>/home/james/W251/MIDS-W251/wk8/hw/images/videoplayback2801.jpg</path>
	<source>
		<database>Unknown</database>
	</source>
	<size>
		<width>1000</width>
		<height>563</height>
		<depth>3</depth>
	</size>
	<segmented>0</segmented>
	<object>
		<name>Tie Fighter</name>
		<pose>Unspecified</pose>
		<truncated>0</truncated>
		<difficult>0</difficult>
		<bndbox>
			<xmin>623</xmin>
			<ymin>210</ymin>
			<xmax>670</xmax>
			<ymax>265</ymax>
		</bndbox>
	</object>
	<object>
		<name>Tie Fighter</name>
		<pose>Unspecified</pose>
		<truncated>0</truncated>
		<difficult>0</difficult>
		<bndbox>
			<xmin>339</xmin>
			<ymin>295</ymin>
			<xmax>380</xmax>
			<ymax>347</ymax>
		</bndbox>
	</object>
</annotation>
