<annotation>
	<folder>images</folder>
	<filename>videoplayback4172.jpg</filename>
	<path>/home/james/W251/MIDS-W251/wk8/hw/images/videoplayback4172.jpg</path>
	<source>
		<database>Unknown</database>
	</source>
	<size>
		<width>1000</width>
		<height>563</height>
		<depth>3</depth>
	</size>
	<segmented>0</segmented>
	<object>
		<name>Tie Fighter</name>
		<pose>Unspecified</pose>
		<truncated>0</truncated>
		<difficult>0</difficult>
		<bndbox>
			<xmin>642</xmin>
			<ymin>229</ymin>
			<xmax>704</xmax>
			<ymax>295</ymax>
		</bndbox>
	</object>
	<object>
		<name>Millennium Falcon</name>
		<pose>Unspecified</pose>
		<truncated>0</truncated>
		<difficult>0</difficult>
		<bndbox>
			<xmin>557</xmin>
			<ymin>201</ymin>
			<xmax>664</xmax>
			<ymax>278</ymax>
		</bndbox>
	</object>
</annotation>
