<annotation>
	<folder>images</folder>
	<filename>videoplayback4622.jpg</filename>
	<path>/home/james/W251/MIDS-W251/wk8/hw/images/videoplayback4622.jpg</path>
	<source>
		<database>Unknown</database>
	</source>
	<size>
		<width>1000</width>
		<height>563</height>
		<depth>3</depth>
	</size>
	<segmented>0</segmented>
	<object>
		<name>Millennium Falcon</name>
		<pose>Unspecified</pose>
		<truncated>0</truncated>
		<difficult>0</difficult>
		<bndbox>
			<xmin>176</xmin>
			<ymin>224</ymin>
			<xmax>322</xmax>
			<ymax>296</ymax>
		</bndbox>
	</object>
	<object>
		<name>Tie Fighter</name>
		<pose>Unspecified</pose>
		<truncated>0</truncated>
		<difficult>0</difficult>
		<bndbox>
			<xmin>444</xmin>
			<ymin>170</ymin>
			<xmax>532</xmax>
			<ymax>250</ymax>
		</bndbox>
	</object>
</annotation>
