<annotation>
	<folder>images</folder>
	<filename>videoplayback6080.jpg</filename>
	<path>/home/james/W251/MIDS-W251/wk8/hw/images/videoplayback6080.jpg</path>
	<source>
		<database>Unknown</database>
	</source>
	<size>
		<width>1000</width>
		<height>563</height>
		<depth>3</depth>
	</size>
	<segmented>0</segmented>
	<object>
		<name>Tie Fighter</name>
		<pose>Unspecified</pose>
		<truncated>0</truncated>
		<difficult>0</difficult>
		<bndbox>
			<xmin>293</xmin>
			<ymin>258</ymin>
			<xmax>331</xmax>
			<ymax>295</ymax>
		</bndbox>
	</object>
	<object>
		<name>Millennium Falcon</name>
		<pose>Unspecified</pose>
		<truncated>0</truncated>
		<difficult>0</difficult>
		<bndbox>
			<xmin>469</xmin>
			<ymin>283</ymin>
			<xmax>610</xmax>
			<ymax>403</ymax>
		</bndbox>
	</object>
</annotation>
