<annotation>
	<folder>images</folder>
	<filename>videoplayback4598.jpg</filename>
	<path>/home/james/W251/MIDS-W251/wk8/hw/images/videoplayback4598.jpg</path>
	<source>
		<database>Unknown</database>
	</source>
	<size>
		<width>1000</width>
		<height>563</height>
		<depth>3</depth>
	</size>
	<segmented>0</segmented>
	<object>
		<name>Millennium Falcon</name>
		<pose>Unspecified</pose>
		<truncated>0</truncated>
		<difficult>0</difficult>
		<bndbox>
			<xmin>469</xmin>
			<ymin>97</ymin>
			<xmax>679</xmax>
			<ymax>287</ymax>
		</bndbox>
	</object>
	<object>
		<name>Tie Fighter</name>
		<pose>Unspecified</pose>
		<truncated>0</truncated>
		<difficult>0</difficult>
		<bndbox>
			<xmin>303</xmin>
			<ymin>78</ymin>
			<xmax>561</xmax>
			<ymax>365</ymax>
		</bndbox>
	</object>
</annotation>
