<annotation>
	<folder>images</folder>
	<filename>videoplayback5747.jpg</filename>
	<path>/home/james/W251/MIDS-W251/wk8/hw/images/videoplayback5747.jpg</path>
	<source>
		<database>Unknown</database>
	</source>
	<size>
		<width>1000</width>
		<height>563</height>
		<depth>3</depth>
	</size>
	<segmented>0</segmented>
	<object>
		<name>Tie Fighter</name>
		<pose>Unspecified</pose>
		<truncated>1</truncated>
		<difficult>0</difficult>
		<bndbox>
			<xmin>1</xmin>
			<ymin>73</ymin>
			<xmax>158</xmax>
			<ymax>314</ymax>
		</bndbox>
	</object>
	<object>
		<name>Millennium Falcon</name>
		<pose>Unspecified</pose>
		<truncated>0</truncated>
		<difficult>0</difficult>
		<bndbox>
			<xmin>629</xmin>
			<ymin>236</ymin>
			<xmax>739</xmax>
			<ymax>397</ymax>
		</bndbox>
	</object>
</annotation>
