<annotation>
	<folder>images</folder>
	<filename>videoplayback2783.jpg</filename>
	<path>/home/james/W251/MIDS-W251/wk8/hw/images/videoplayback2783.jpg</path>
	<source>
		<database>Unknown</database>
	</source>
	<size>
		<width>1000</width>
		<height>563</height>
		<depth>3</depth>
	</size>
	<segmented>0</segmented>
	<object>
		<name>Tie Fighter</name>
		<pose>Unspecified</pose>
		<truncated>0</truncated>
		<difficult>0</difficult>
		<bndbox>
			<xmin>415</xmin>
			<ymin>207</ymin>
			<xmax>453</xmax>
			<ymax>260</ymax>
		</bndbox>
	</object>
	<object>
		<name>Tie Fighter</name>
		<pose>Unspecified</pose>
		<truncated>0</truncated>
		<difficult>0</difficult>
		<bndbox>
			<xmin>9</xmin>
			<ymin>329</ymin>
			<xmax>47</xmax>
			<ymax>381</ymax>
		</bndbox>
	</object>
</annotation>
