<annotation>
	<folder>images</folder>
	<filename>videoplayback1619.jpg</filename>
	<path>/home/james/W251/MIDS-W251/wk8/hw/images/videoplayback1619.jpg</path>
	<source>
		<database>Unknown</database>
	</source>
	<size>
		<width>1000</width>
		<height>563</height>
		<depth>3</depth>
	</size>
	<segmented>0</segmented>
	<object>
		<name>Tie Fighter</name>
		<pose>Unspecified</pose>
		<truncated>0</truncated>
		<difficult>0</difficult>
		<bndbox>
			<xmin>718</xmin>
			<ymin>253</ymin>
			<xmax>757</xmax>
			<ymax>288</ymax>
		</bndbox>
	</object>
	<object>
		<name>Tie Fighter</name>
		<pose>Unspecified</pose>
		<truncated>0</truncated>
		<difficult>0</difficult>
		<bndbox>
			<xmin>861</xmin>
			<ymin>197</ymin>
			<xmax>950</xmax>
			<ymax>276</ymax>
		</bndbox>
	</object>
	<object>
		<name>Millennium Falcon</name>
		<pose>Unspecified</pose>
		<truncated>0</truncated>
		<difficult>0</difficult>
		<bndbox>
			<xmin>271</xmin>
			<ymin>291</ymin>
			<xmax>854</xmax>
			<ymax>452</ymax>
		</bndbox>
	</object>
</annotation>
