<annotation>
	<folder>images</folder>
	<filename>videoplayback4007.jpg</filename>
	<path>/home/james/W251/MIDS-W251/wk8/hw/images/videoplayback4007.jpg</path>
	<source>
		<database>Unknown</database>
	</source>
	<size>
		<width>1000</width>
		<height>563</height>
		<depth>3</depth>
	</size>
	<segmented>0</segmented>
	<object>
		<name>Millennium Falcon</name>
		<pose>Unspecified</pose>
		<truncated>0</truncated>
		<difficult>0</difficult>
		<bndbox>
			<xmin>370</xmin>
			<ymin>247</ymin>
			<xmax>585</xmax>
			<ymax>362</ymax>
		</bndbox>
	</object>
	<object>
		<name>Tie Fighter</name>
		<pose>Unspecified</pose>
		<truncated>0</truncated>
		<difficult>0</difficult>
		<bndbox>
			<xmin>534</xmin>
			<ymin>352</ymin>
			<xmax>598</xmax>
			<ymax>397</ymax>
		</bndbox>
	</object>
	<object>
		<name>Tie Fighter</name>
		<pose>Unspecified</pose>
		<truncated>0</truncated>
		<difficult>0</difficult>
		<bndbox>
			<xmin>567</xmin>
			<ymin>322</ymin>
			<xmax>623</xmax>
			<ymax>390</ymax>
		</bndbox>
	</object>
</annotation>
