<annotation>
	<folder>images</folder>
	<filename>videoplayback4431.jpg</filename>
	<path>/home/james/W251/MIDS-W251/wk8/hw/images/videoplayback4431.jpg</path>
	<source>
		<database>Unknown</database>
	</source>
	<size>
		<width>1000</width>
		<height>563</height>
		<depth>3</depth>
	</size>
	<segmented>0</segmented>
	<object>
		<name>Tie Fighter</name>
		<pose>Unspecified</pose>
		<truncated>0</truncated>
		<difficult>0</difficult>
		<bndbox>
			<xmin>643</xmin>
			<ymin>354</ymin>
			<xmax>796</xmax>
			<ymax>489</ymax>
		</bndbox>
	</object>
	<object>
		<name>Millennium Falcon</name>
		<pose>Unspecified</pose>
		<truncated>0</truncated>
		<difficult>0</difficult>
		<bndbox>
			<xmin>277</xmin>
			<ymin>257</ymin>
			<xmax>361</xmax>
			<ymax>330</ymax>
		</bndbox>
	</object>
</annotation>
