<annotation>
	<folder>images</folder>
	<filename>videoplayback4025.jpg</filename>
	<path>/home/james/W251/MIDS-W251/wk8/hw/images/videoplayback4025.jpg</path>
	<source>
		<database>Unknown</database>
	</source>
	<size>
		<width>1000</width>
		<height>563</height>
		<depth>3</depth>
	</size>
	<segmented>0</segmented>
	<object>
		<name>Tie Fighter</name>
		<pose>Unspecified</pose>
		<truncated>0</truncated>
		<difficult>0</difficult>
		<bndbox>
			<xmin>700</xmin>
			<ymin>326</ymin>
			<xmax>810</xmax>
			<ymax>436</ymax>
		</bndbox>
	</object>
	<object>
		<name>Tie Fighter</name>
		<pose>Unspecified</pose>
		<truncated>0</truncated>
		<difficult>0</difficult>
		<bndbox>
			<xmin>563</xmin>
			<ymin>309</ymin>
			<xmax>661</xmax>
			<ymax>408</ymax>
		</bndbox>
	</object>
	<object>
		<name>Millennium Falcon</name>
		<pose>Unspecified</pose>
		<truncated>0</truncated>
		<difficult>0</difficult>
		<bndbox>
			<xmin>292</xmin>
			<ymin>95</ymin>
			<xmax>486</xmax>
			<ymax>475</ymax>
		</bndbox>
	</object>
</annotation>
