<annotation>
	<folder>images</folder>
	<filename>videoplayback6026.jpg</filename>
	<path>/home/james/W251/MIDS-W251/wk8/hw/images/videoplayback6026.jpg</path>
	<source>
		<database>Unknown</database>
	</source>
	<size>
		<width>1000</width>
		<height>563</height>
		<depth>3</depth>
	</size>
	<segmented>0</segmented>
	<object>
		<name>Millennium Falcon</name>
		<pose>Unspecified</pose>
		<truncated>0</truncated>
		<difficult>0</difficult>
		<bndbox>
			<xmin>535</xmin>
			<ymin>256</ymin>
			<xmax>635</xmax>
			<ymax>323</ymax>
		</bndbox>
	</object>
	<object>
		<name>Tie Fighter</name>
		<pose>Unspecified</pose>
		<truncated>0</truncated>
		<difficult>0</difficult>
		<bndbox>
			<xmin>333</xmin>
			<ymin>111</ymin>
			<xmax>873</xmax>
			<ymax>490</ymax>
		</bndbox>
	</object>
</annotation>
