<annotation>
	<folder>images</folder>
	<filename>videoplayback2837.jpg</filename>
	<path>/home/james/W251/MIDS-W251/wk8/hw/images/videoplayback2837.jpg</path>
	<source>
		<database>Unknown</database>
	</source>
	<size>
		<width>1000</width>
		<height>563</height>
		<depth>3</depth>
	</size>
	<segmented>0</segmented>
	<object>
		<name>Tie Fighter</name>
		<pose>Unspecified</pose>
		<truncated>0</truncated>
		<difficult>0</difficult>
		<bndbox>
			<xmin>358</xmin>
			<ymin>154</ymin>
			<xmax>530</xmax>
			<ymax>324</ymax>
		</bndbox>
	</object>
	<object>
		<name>Tie Fighter</name>
		<pose>Unspecified</pose>
		<truncated>0</truncated>
		<difficult>0</difficult>
		<bndbox>
			<xmin>689</xmin>
			<ymin>230</ymin>
			<xmax>829</xmax>
			<ymax>375</ymax>
		</bndbox>
	</object>
</annotation>
