<annotation>
	<folder>images</folder>
	<filename>videoplayback2825.jpg</filename>
	<path>/home/james/W251/MIDS-W251/wk8/hw/images/videoplayback2825.jpg</path>
	<source>
		<database>Unknown</database>
	</source>
	<size>
		<width>1000</width>
		<height>563</height>
		<depth>3</depth>
	</size>
	<segmented>0</segmented>
	<object>
		<name>Tie Fighter</name>
		<pose>Unspecified</pose>
		<truncated>0</truncated>
		<difficult>0</difficult>
		<bndbox>
			<xmin>485</xmin>
			<ymin>174</ymin>
			<xmax>574</xmax>
			<ymax>260</ymax>
		</bndbox>
	</object>
	<object>
		<name>Tie Fighter</name>
		<pose>Unspecified</pose>
		<truncated>0</truncated>
		<difficult>0</difficult>
		<bndbox>
			<xmin>704</xmin>
			<ymin>235</ymin>
			<xmax>800</xmax>
			<ymax>321</ymax>
		</bndbox>
	</object>
</annotation>
