<annotation>
	<folder>images</folder>
	<filename>videoplayback5292.jpg</filename>
	<path>/home/james/W251/MIDS-W251/wk8/hw/images/videoplayback5292.jpg</path>
	<source>
		<database>Unknown</database>
	</source>
	<size>
		<width>1000</width>
		<height>563</height>
		<depth>3</depth>
	</size>
	<segmented>0</segmented>
	<object>
		<name>Tie Fighter</name>
		<pose>Unspecified</pose>
		<truncated>0</truncated>
		<difficult>0</difficult>
		<bndbox>
			<xmin>343</xmin>
			<ymin>182</ymin>
			<xmax>354</xmax>
			<ymax>195</ymax>
		</bndbox>
	</object>
	<object>
		<name>Millennium Falcon</name>
		<pose>Unspecified</pose>
		<truncated>0</truncated>
		<difficult>0</difficult>
		<bndbox>
			<xmin>248</xmin>
			<ymin>197</ymin>
			<xmax>291</xmax>
			<ymax>245</ymax>
		</bndbox>
	</object>
</annotation>
