<annotation>
	<folder>images</folder>
	<filename>videoplayback4031.jpg</filename>
	<path>/home/james/W251/MIDS-W251/wk8/hw/images/videoplayback4031.jpg</path>
	<source>
		<database>Unknown</database>
	</source>
	<size>
		<width>1000</width>
		<height>563</height>
		<depth>3</depth>
	</size>
	<segmented>0</segmented>
	<object>
		<name>Tie Fighter</name>
		<pose>Unspecified</pose>
		<truncated>0</truncated>
		<difficult>0</difficult>
		<bndbox>
			<xmin>698</xmin>
			<ymin>243</ymin>
			<xmax>816</xmax>
			<ymax>363</ymax>
		</bndbox>
	</object>
	<object>
		<name>Tie Fighter</name>
		<pose>Unspecified</pose>
		<truncated>1</truncated>
		<difficult>0</difficult>
		<bndbox>
			<xmin>923</xmin>
			<ymin>307</ymin>
			<xmax>1000</xmax>
			<ymax>407</ymax>
		</bndbox>
	</object>
	<object>
		<name>Millennium Falcon</name>
		<pose>Unspecified</pose>
		<truncated>0</truncated>
		<difficult>0</difficult>
		<bndbox>
			<xmin>217</xmin>
			<ymin>72</ymin>
			<xmax>453</xmax>
			<ymax>471</ymax>
		</bndbox>
	</object>
</annotation>
