<annotation>
	<folder>images</folder>
	<filename>videoplayback2831.jpg</filename>
	<path>/home/james/W251/MIDS-W251/wk8/hw/images/videoplayback2831.jpg</path>
	<source>
		<database>Unknown</database>
	</source>
	<size>
		<width>1000</width>
		<height>563</height>
		<depth>3</depth>
	</size>
	<segmented>0</segmented>
	<object>
		<name>Tie Fighter</name>
		<pose>Unspecified</pose>
		<truncated>0</truncated>
		<difficult>0</difficult>
		<bndbox>
			<xmin>458</xmin>
			<ymin>186</ymin>
			<xmax>571</xmax>
			<ymax>296</ymax>
		</bndbox>
	</object>
	<object>
		<name>Tie Fighter</name>
		<pose>Unspecified</pose>
		<truncated>0</truncated>
		<difficult>0</difficult>
		<bndbox>
			<xmin>702</xmin>
			<ymin>258</ymin>
			<xmax>824</xmax>
			<ymax>363</ymax>
		</bndbox>
	</object>
</annotation>
