<annotation>
	<folder>images</folder>
	<filename>videoplayback6074.jpg</filename>
	<path>/home/james/W251/MIDS-W251/wk8/hw/images/videoplayback6074.jpg</path>
	<source>
		<database>Unknown</database>
	</source>
	<size>
		<width>1000</width>
		<height>563</height>
		<depth>3</depth>
	</size>
	<segmented>0</segmented>
	<object>
		<name>Tie Fighter</name>
		<pose>Unspecified</pose>
		<truncated>0</truncated>
		<difficult>0</difficult>
		<bndbox>
			<xmin>259</xmin>
			<ymin>302</ymin>
			<xmax>290</xmax>
			<ymax>333</ymax>
		</bndbox>
	</object>
	<object>
		<name>Millennium Falcon</name>
		<pose>Unspecified</pose>
		<truncated>0</truncated>
		<difficult>0</difficult>
		<bndbox>
			<xmin>516</xmin>
			<ymin>222</ymin>
			<xmax>585</xmax>
			<ymax>330</ymax>
		</bndbox>
	</object>
</annotation>
