<annotation>
	<folder>images</folder>
	<filename>videoplayback1649.jpg</filename>
	<path>/home/james/W251/MIDS-W251/wk8/hw/images/videoplayback1649.jpg</path>
	<source>
		<database>Unknown</database>
	</source>
	<size>
		<width>1000</width>
		<height>563</height>
		<depth>3</depth>
	</size>
	<segmented>0</segmented>
	<object>
		<name>Tie Fighter</name>
		<pose>Unspecified</pose>
		<truncated>0</truncated>
		<difficult>0</difficult>
		<bndbox>
			<xmin>577</xmin>
			<ymin>241</ymin>
			<xmax>591</xmax>
			<ymax>256</ymax>
		</bndbox>
	</object>
	<object>
		<name>Tie Fighter</name>
		<pose>Unspecified</pose>
		<truncated>0</truncated>
		<difficult>0</difficult>
		<bndbox>
			<xmin>676</xmin>
			<ymin>253</ymin>
			<xmax>696</xmax>
			<ymax>274</ymax>
		</bndbox>
	</object>
	<object>
		<name>Millennium Falcon</name>
		<pose>Unspecified</pose>
		<truncated>0</truncated>
		<difficult>0</difficult>
		<bndbox>
			<xmin>321</xmin>
			<ymin>287</ymin>
			<xmax>878</xmax>
			<ymax>444</ymax>
		</bndbox>
	</object>
</annotation>
