<annotation>
	<folder>images</folder>
	<filename>videoplayback5316.jpg</filename>
	<path>/home/james/W251/MIDS-W251/wk8/hw/images/videoplayback5316.jpg</path>
	<source>
		<database>Unknown</database>
	</source>
	<size>
		<width>1000</width>
		<height>563</height>
		<depth>3</depth>
	</size>
	<segmented>0</segmented>
	<object>
		<name>Millennium Falcon</name>
		<pose>Unspecified</pose>
		<truncated>0</truncated>
		<difficult>0</difficult>
		<bndbox>
			<xmin>182</xmin>
			<ymin>209</ymin>
			<xmax>256</xmax>
			<ymax>368</ymax>
		</bndbox>
	</object>
	<object>
		<name>Tie Fighter</name>
		<pose>Unspecified</pose>
		<truncated>0</truncated>
		<difficult>0</difficult>
		<bndbox>
			<xmin>296</xmin>
			<ymin>133</ymin>
			<xmax>315</xmax>
			<ymax>156</ymax>
		</bndbox>
	</object>
</annotation>
