<annotation>
	<folder>images</folder>
	<filename>videoplayback3660.jpg</filename>
	<path>/home/james/W251/MIDS-W251/wk8/hw/images/videoplayback3660.jpg</path>
	<source>
		<database>Unknown</database>
	</source>
	<size>
		<width>1000</width>
		<height>563</height>
		<depth>3</depth>
	</size>
	<segmented>0</segmented>
	<object>
		<name>Tie Fighter</name>
		<pose>Unspecified</pose>
		<truncated>0</truncated>
		<difficult>0</difficult>
		<bndbox>
			<xmin>846</xmin>
			<ymin>275</ymin>
			<xmax>870</xmax>
			<ymax>302</ymax>
		</bndbox>
	</object>
	<object>
		<name>Tie Fighter</name>
		<pose>Unspecified</pose>
		<truncated>0</truncated>
		<difficult>0</difficult>
		<bndbox>
			<xmin>753</xmin>
			<ymin>315</ymin>
			<xmax>784</xmax>
			<ymax>348</ymax>
		</bndbox>
	</object>
	<object>
		<name>Millennium Falcon</name>
		<pose>Unspecified</pose>
		<truncated>0</truncated>
		<difficult>0</difficult>
		<bndbox>
			<xmin>363</xmin>
			<ymin>233</ymin>
			<xmax>694</xmax>
			<ymax>331</ymax>
		</bndbox>
	</object>
</annotation>
