<annotation>
	<folder>images</folder>
	<filename>videoplayback3216.jpg</filename>
	<path>/home/james/W251/MIDS-W251/wk8/hw/images/videoplayback3216.jpg</path>
	<source>
		<database>Unknown</database>
	</source>
	<size>
		<width>1000</width>
		<height>563</height>
		<depth>3</depth>
	</size>
	<segmented>0</segmented>
	<object>
		<name>Tie Fighter</name>
		<pose>Unspecified</pose>
		<truncated>0</truncated>
		<difficult>0</difficult>
		<bndbox>
			<xmin>317</xmin>
			<ymin>292</ymin>
			<xmax>403</xmax>
			<ymax>368</ymax>
		</bndbox>
	</object>
	<object>
		<name>Millennium Falcon</name>
		<pose>Unspecified</pose>
		<truncated>0</truncated>
		<difficult>0</difficult>
		<bndbox>
			<xmin>183</xmin>
			<ymin>310</ymin>
			<xmax>307</xmax>
			<ymax>346</ymax>
		</bndbox>
	</object>
</annotation>
