<annotation>
	<folder>images</folder>
	<filename>videoplayback0147.jpg</filename>
	<path>/home/james/W251/MIDS-W251/wk8/hw/images/videoplayback0147.jpg</path>
	<source>
		<database>Unknown</database>
	</source>
	<size>
		<width>1000</width>
		<height>563</height>
		<depth>3</depth>
	</size>
	<segmented>0</segmented>
	<object>
		<name>Tie Fighter</name>
		<pose>Unspecified</pose>
		<truncated>0</truncated>
		<difficult>0</difficult>
		<bndbox>
			<xmin>148</xmin>
			<ymin>335</ymin>
			<xmax>187</xmax>
			<ymax>375</ymax>
		</bndbox>
	</object>
	<object>
		<name>Tie Fighter</name>
		<pose>Unspecified</pose>
		<truncated>1</truncated>
		<difficult>0</difficult>
		<bndbox>
			<xmin>940</xmin>
			<ymin>210</ymin>
			<xmax>1000</xmax>
			<ymax>342</ymax>
		</bndbox>
	</object>
</annotation>
