<annotation>
	<folder>images</folder>
	<filename>videoplayback4449.jpg</filename>
	<path>/home/james/W251/MIDS-W251/wk8/hw/images/videoplayback4449.jpg</path>
	<source>
		<database>Unknown</database>
	</source>
	<size>
		<width>1000</width>
		<height>563</height>
		<depth>3</depth>
	</size>
	<segmented>0</segmented>
	<object>
		<name>Tie Fighter</name>
		<pose>Unspecified</pose>
		<truncated>0</truncated>
		<difficult>0</difficult>
		<bndbox>
			<xmin>900</xmin>
			<ymin>277</ymin>
			<xmax>933</xmax>
			<ymax>306</ymax>
		</bndbox>
	</object>
	<object>
		<name>Millennium Falcon</name>
		<pose>Unspecified</pose>
		<truncated>0</truncated>
		<difficult>0</difficult>
		<bndbox>
			<xmin>470</xmin>
			<ymin>287</ymin>
			<xmax>535</xmax>
			<ymax>356</ymax>
		</bndbox>
	</object>
</annotation>
