<annotation>
	<folder>images</folder>
	<filename>videoplayback3792.jpg</filename>
	<path>/home/james/W251/MIDS-W251/wk8/hw/images/videoplayback3792.jpg</path>
	<source>
		<database>Unknown</database>
	</source>
	<size>
		<width>1000</width>
		<height>563</height>
		<depth>3</depth>
	</size>
	<segmented>0</segmented>
	<object>
		<name>Tie Fighter</name>
		<pose>Unspecified</pose>
		<truncated>0</truncated>
		<difficult>0</difficult>
		<bndbox>
			<xmin>441</xmin>
			<ymin>285</ymin>
			<xmax>496</xmax>
			<ymax>336</ymax>
		</bndbox>
	</object>
	<object>
		<name>Millennium Falcon</name>
		<pose>Unspecified</pose>
		<truncated>0</truncated>
		<difficult>0</difficult>
		<bndbox>
			<xmin>538</xmin>
			<ymin>331</ymin>
			<xmax>570</xmax>
			<ymax>352</ymax>
		</bndbox>
	</object>
</annotation>
