<annotation>
	<folder>images</folder>
	<filename>videoplayback2894.jpg</filename>
	<path>/home/james/W251/MIDS-W251/wk8/hw/images/videoplayback2894.jpg</path>
	<source>
		<database>Unknown</database>
	</source>
	<size>
		<width>1000</width>
		<height>563</height>
		<depth>3</depth>
	</size>
	<segmented>0</segmented>
	<object>
		<name>Tie Fighter</name>
		<pose>Unspecified</pose>
		<truncated>0</truncated>
		<difficult>0</difficult>
		<bndbox>
			<xmin>407</xmin>
			<ymin>249</ymin>
			<xmax>484</xmax>
			<ymax>333</ymax>
		</bndbox>
	</object>
	<object>
		<name>Tie Fighter</name>
		<pose>Unspecified</pose>
		<truncated>0</truncated>
		<difficult>0</difficult>
		<bndbox>
			<xmin>646</xmin>
			<ymin>238</ymin>
			<xmax>691</xmax>
			<ymax>289</ymax>
		</bndbox>
	</object>
	<object>
		<name>Millennium Falcon</name>
		<pose>Unspecified</pose>
		<truncated>1</truncated>
		<difficult>0</difficult>
		<bndbox>
			<xmin>1</xmin>
			<ymin>388</ymin>
			<xmax>598</xmax>
			<ymax>491</ymax>
		</bndbox>
	</object>
</annotation>
