<annotation>
	<folder>images</folder>
	<filename>videoplayback5678.jpg</filename>
	<path>/home/james/W251/MIDS-W251/wk8/hw/images/videoplayback5678.jpg</path>
	<source>
		<database>Unknown</database>
	</source>
	<size>
		<width>1000</width>
		<height>563</height>
		<depth>3</depth>
	</size>
	<segmented>0</segmented>
	<object>
		<name>Millennium Falcon</name>
		<pose>Unspecified</pose>
		<truncated>0</truncated>
		<difficult>0</difficult>
		<bndbox>
			<xmin>500</xmin>
			<ymin>215</ymin>
			<xmax>563</xmax>
			<ymax>366</ymax>
		</bndbox>
	</object>
	<object>
		<name>Tie Fighter</name>
		<pose>Unspecified</pose>
		<truncated>0</truncated>
		<difficult>0</difficult>
		<bndbox>
			<xmin>575</xmin>
			<ymin>97</ymin>
			<xmax>897</xmax>
			<ymax>407</ymax>
		</bndbox>
	</object>
</annotation>
