<annotation>
	<folder>images</folder>
	<filename>videoplayback5538.jpg</filename>
	<path>/home/james/W251/MIDS-W251/wk8/hw/images/videoplayback5538.jpg</path>
	<source>
		<database>Unknown</database>
	</source>
	<size>
		<width>1000</width>
		<height>563</height>
		<depth>3</depth>
	</size>
	<segmented>0</segmented>
	<object>
		<name>Tie Fighter</name>
		<pose>Unspecified</pose>
		<truncated>0</truncated>
		<difficult>0</difficult>
		<bndbox>
			<xmin>300</xmin>
			<ymin>277</ymin>
			<xmax>347</xmax>
			<ymax>329</ymax>
		</bndbox>
	</object>
	<object>
		<name>Millennium Falcon</name>
		<pose>Unspecified</pose>
		<truncated>0</truncated>
		<difficult>0</difficult>
		<bndbox>
			<xmin>811</xmin>
			<ymin>136</ymin>
			<xmax>912</xmax>
			<ymax>186</ymax>
		</bndbox>
	</object>
</annotation>
