<annotation>
	<folder>images</folder>
	<filename>videoplayback1637.jpg</filename>
	<path>/home/james/W251/MIDS-W251/wk8/hw/images/videoplayback1637.jpg</path>
	<source>
		<database>Unknown</database>
	</source>
	<size>
		<width>1000</width>
		<height>563</height>
		<depth>3</depth>
	</size>
	<segmented>0</segmented>
	<object>
		<name>Tie Fighter</name>
		<pose>Unspecified</pose>
		<truncated>0</truncated>
		<difficult>0</difficult>
		<bndbox>
			<xmin>656</xmin>
			<ymin>246</ymin>
			<xmax>676</xmax>
			<ymax>265</ymax>
		</bndbox>
	</object>
	<object>
		<name>Tie Fighter</name>
		<pose>Unspecified</pose>
		<truncated>0</truncated>
		<difficult>0</difficult>
		<bndbox>
			<xmin>777</xmin>
			<ymin>248</ymin>
			<xmax>809</xmax>
			<ymax>278</ymax>
		</bndbox>
	</object>
	<object>
		<name>Millennium Falcon</name>
		<pose>Unspecified</pose>
		<truncated>0</truncated>
		<difficult>0</difficult>
		<bndbox>
			<xmin>309</xmin>
			<ymin>285</ymin>
			<xmax>899</xmax>
			<ymax>458</ymax>
		</bndbox>
	</object>
</annotation>
