<annotation>
	<folder>images</folder>
	<filename>videoplayback4300.jpg</filename>
	<path>/home/james/W251/MIDS-W251/wk8/hw/images/videoplayback4300.jpg</path>
	<source>
		<database>Unknown</database>
	</source>
	<size>
		<width>1000</width>
		<height>563</height>
		<depth>3</depth>
	</size>
	<segmented>0</segmented>
	<object>
		<name>Tie Fighter</name>
		<pose>Unspecified</pose>
		<truncated>0</truncated>
		<difficult>0</difficult>
		<bndbox>
			<xmin>571</xmin>
			<ymin>73</ymin>
			<xmax>859</xmax>
			<ymax>375</ymax>
		</bndbox>
	</object>
	<object>
		<name>Tie Fighter</name>
		<pose>Unspecified</pose>
		<truncated>0</truncated>
		<difficult>0</difficult>
		<bndbox>
			<xmin>414</xmin>
			<ymin>170</ymin>
			<xmax>528</xmax>
			<ymax>298</ymax>
		</bndbox>
	</object>
	<object>
		<name>Millennium Falcon</name>
		<pose>Unspecified</pose>
		<truncated>0</truncated>
		<difficult>0</difficult>
		<bndbox>
			<xmin>345</xmin>
			<ymin>280</ymin>
			<xmax>449</xmax>
			<ymax>311</ymax>
		</bndbox>
	</object>
</annotation>
