<annotation>
	<folder>images</folder>
	<filename>videoplayback6062.jpg</filename>
	<path>/home/james/W251/MIDS-W251/wk8/hw/images/videoplayback6062.jpg</path>
	<source>
		<database>Unknown</database>
	</source>
	<size>
		<width>1000</width>
		<height>563</height>
		<depth>3</depth>
	</size>
	<segmented>0</segmented>
	<object>
		<name>Millennium Falcon</name>
		<pose>Unspecified</pose>
		<truncated>0</truncated>
		<difficult>0</difficult>
		<bndbox>
			<xmin>467</xmin>
			<ymin>169</ymin>
			<xmax>535</xmax>
			<ymax>239</ymax>
		</bndbox>
	</object>
	<object>
		<name>Tie Fighter</name>
		<pose>Unspecified</pose>
		<truncated>0</truncated>
		<difficult>0</difficult>
		<bndbox>
			<xmin>169</xmin>
			<ymin>366</ymin>
			<xmax>195</xmax>
			<ymax>391</ymax>
		</bndbox>
	</object>
</annotation>
