<annotation>
	<folder>images</folder>
	<filename>videoplayback6068.jpg</filename>
	<path>/home/james/W251/MIDS-W251/wk8/hw/images/videoplayback6068.jpg</path>
	<source>
		<database>Unknown</database>
	</source>
	<size>
		<width>1000</width>
		<height>563</height>
		<depth>3</depth>
	</size>
	<segmented>0</segmented>
	<object>
		<name>Millennium Falcon</name>
		<pose>Unspecified</pose>
		<truncated>0</truncated>
		<difficult>0</difficult>
		<bndbox>
			<xmin>517</xmin>
			<ymin>181</ymin>
			<xmax>580</xmax>
			<ymax>266</ymax>
		</bndbox>
	</object>
	<object>
		<name>Tie Fighter</name>
		<pose>Unspecified</pose>
		<truncated>0</truncated>
		<difficult>0</difficult>
		<bndbox>
			<xmin>226</xmin>
			<ymin>341</ymin>
			<xmax>253</xmax>
			<ymax>372</ymax>
		</bndbox>
	</object>
</annotation>
