<annotation>
	<folder>images</folder>
	<filename>videoplayback0084.jpg</filename>
	<path>/home/james/W251/MIDS-W251/wk8/hw/images/videoplayback0084.jpg</path>
	<source>
		<database>Unknown</database>
	</source>
	<size>
		<width>1000</width>
		<height>563</height>
		<depth>3</depth>
	</size>
	<segmented>0</segmented>
	<object>
		<name>Tie Fighter</name>
		<pose>Unspecified</pose>
		<truncated>0</truncated>
		<difficult>0</difficult>
		<bndbox>
			<xmin>52</xmin>
			<ymin>258</ymin>
			<xmax>64</xmax>
			<ymax>270</ymax>
		</bndbox>
	</object>
	<object>
		<name>Tie Fighter</name>
		<pose>Unspecified</pose>
		<truncated>0</truncated>
		<difficult>0</difficult>
		<bndbox>
			<xmin>75</xmin>
			<ymin>277</ymin>
			<xmax>88</xmax>
			<ymax>291</ymax>
		</bndbox>
	</object>
</annotation>
