<annotation>
	<folder>images</folder>
	<filename>videoplayback5310.jpg</filename>
	<path>/home/james/W251/MIDS-W251/wk8/hw/images/videoplayback5310.jpg</path>
	<source>
		<database>Unknown</database>
	</source>
	<size>
		<width>1000</width>
		<height>563</height>
		<depth>3</depth>
	</size>
	<segmented>0</segmented>
	<object>
		<name>Tie Fighter</name>
		<pose>Unspecified</pose>
		<truncated>0</truncated>
		<difficult>0</difficult>
		<bndbox>
			<xmin>329</xmin>
			<ymin>157</ymin>
			<xmax>347</xmax>
			<ymax>175</ymax>
		</bndbox>
	</object>
	<object>
		<name>Millennium Falcon</name>
		<pose>Unspecified</pose>
		<truncated>0</truncated>
		<difficult>0</difficult>
		<bndbox>
			<xmin>200</xmin>
			<ymin>229</ymin>
			<xmax>259</xmax>
			<ymax>337</ymax>
		</bndbox>
	</object>
</annotation>
