<annotation>
	<folder>images</folder>
	<filename>videoplayback4043.jpg</filename>
	<path>/home/james/W251/MIDS-W251/wk8/hw/images/videoplayback4043.jpg</path>
	<source>
		<database>Unknown</database>
	</source>
	<size>
		<width>1000</width>
		<height>563</height>
		<depth>3</depth>
	</size>
	<segmented>0</segmented>
	<object>
		<name>Tie Fighter</name>
		<pose>Unspecified</pose>
		<truncated>0</truncated>
		<difficult>0</difficult>
		<bndbox>
			<xmin>697</xmin>
			<ymin>218</ymin>
			<xmax>895</xmax>
			<ymax>450</ymax>
		</bndbox>
	</object>
	<object>
		<name>Tie Fighter</name>
		<pose>Unspecified</pose>
		<truncated>1</truncated>
		<difficult>0</difficult>
		<bndbox>
			<xmin>809</xmin>
			<ymin>153</ymin>
			<xmax>1000</xmax>
			<ymax>368</ymax>
		</bndbox>
	</object>
</annotation>
