<annotation>
	<folder>images</folder>
	<filename>videoplayback4196.jpg</filename>
	<path>/home/james/W251/MIDS-W251/wk8/hw/images/videoplayback4196.jpg</path>
	<source>
		<database>Unknown</database>
	</source>
	<size>
		<width>1000</width>
		<height>563</height>
		<depth>3</depth>
	</size>
	<segmented>0</segmented>
	<object>
		<name>Tie Fighter</name>
		<pose>Unspecified</pose>
		<truncated>0</truncated>
		<difficult>0</difficult>
		<bndbox>
			<xmin>530</xmin>
			<ymin>297</ymin>
			<xmax>698</xmax>
			<ymax>487</ymax>
		</bndbox>
	</object>
	<object>
		<name>Tie Fighter</name>
		<pose>Unspecified</pose>
		<truncated>0</truncated>
		<difficult>0</difficult>
		<bndbox>
			<xmin>595</xmin>
			<ymin>138</ymin>
			<xmax>646</xmax>
			<ymax>188</ymax>
		</bndbox>
	</object>
	<object>
		<name>Millennium Falcon</name>
		<pose>Unspecified</pose>
		<truncated>0</truncated>
		<difficult>0</difficult>
		<bndbox>
			<xmin>442</xmin>
			<ymin>138</ymin>
			<xmax>513</xmax>
			<ymax>223</ymax>
		</bndbox>
	</object>
</annotation>
