<annotation>
	<folder>images</folder>
	<filename>videoplayback0057.jpg</filename>
	<path>/home/james/W251/MIDS-W251/wk8/hw/images/videoplayback0057.jpg</path>
	<source>
		<database>Unknown</database>
	</source>
	<size>
		<width>1000</width>
		<height>563</height>
		<depth>3</depth>
	</size>
	<segmented>0</segmented>
	<object>
		<name>Tie Fighter</name>
		<pose>Unspecified</pose>
		<truncated>0</truncated>
		<difficult>0</difficult>
		<bndbox>
			<xmin>141</xmin>
			<ymin>145</ymin>
			<xmax>153</xmax>
			<ymax>158</ymax>
		</bndbox>
	</object>
	<object>
		<name>Tie Fighter</name>
		<pose>Unspecified</pose>
		<truncated>0</truncated>
		<difficult>0</difficult>
		<bndbox>
			<xmin>166</xmin>
			<ymin>159</ymin>
			<xmax>180</xmax>
			<ymax>173</ymax>
		</bndbox>
	</object>
</annotation>
