<annotation>
	<folder>images</folder>
	<filename>videoplayback4019.jpg</filename>
	<path>/home/james/W251/MIDS-W251/wk8/hw/images/videoplayback4019.jpg</path>
	<source>
		<database>Unknown</database>
	</source>
	<size>
		<width>1000</width>
		<height>563</height>
		<depth>3</depth>
	</size>
	<segmented>0</segmented>
	<object>
		<name>Tie Fighter</name>
		<pose>Unspecified</pose>
		<truncated>0</truncated>
		<difficult>0</difficult>
		<bndbox>
			<xmin>581</xmin>
			<ymin>327</ymin>
			<xmax>676</xmax>
			<ymax>420</ymax>
		</bndbox>
	</object>
	<object>
		<name>Tie Fighter</name>
		<pose>Unspecified</pose>
		<truncated>0</truncated>
		<difficult>0</difficult>
		<bndbox>
			<xmin>507</xmin>
			<ymin>314</ymin>
			<xmax>575</xmax>
			<ymax>399</ymax>
		</bndbox>
	</object>
	<object>
		<name>Millennium Falcon</name>
		<pose>Unspecified</pose>
		<truncated>0</truncated>
		<difficult>0</difficult>
		<bndbox>
			<xmin>371</xmin>
			<ymin>147</ymin>
			<xmax>574</xmax>
			<ymax>436</ymax>
		</bndbox>
	</object>
</annotation>
