<annotation>
	<folder>images</folder>
	<filename>videoplayback2819.jpg</filename>
	<path>/home/james/W251/MIDS-W251/wk8/hw/images/videoplayback2819.jpg</path>
	<source>
		<database>Unknown</database>
	</source>
	<size>
		<width>1000</width>
		<height>563</height>
		<depth>3</depth>
	</size>
	<segmented>0</segmented>
	<object>
		<name>Tie Fighter</name>
		<pose>Unspecified</pose>
		<truncated>0</truncated>
		<difficult>0</difficult>
		<bndbox>
			<xmin>478</xmin>
			<ymin>240</ymin>
			<xmax>553</xmax>
			<ymax>314</ymax>
		</bndbox>
	</object>
	<object>
		<name>Tie Fighter</name>
		<pose>Unspecified</pose>
		<truncated>0</truncated>
		<difficult>0</difficult>
		<bndbox>
			<xmin>694</xmin>
			<ymin>272</ymin>
			<xmax>772</xmax>
			<ymax>346</ymax>
		</bndbox>
	</object>
</annotation>
