<annotation>
	<folder>images</folder>
	<filename>videoplayback3798.jpg</filename>
	<path>/home/james/W251/MIDS-W251/wk8/hw/images/videoplayback3798.jpg</path>
	<source>
		<database>Unknown</database>
	</source>
	<size>
		<width>1000</width>
		<height>563</height>
		<depth>3</depth>
	</size>
	<segmented>0</segmented>
	<object>
		<name>Tie Fighter</name>
		<pose>Unspecified</pose>
		<truncated>0</truncated>
		<difficult>0</difficult>
		<bndbox>
			<xmin>471</xmin>
			<ymin>296</ymin>
			<xmax>512</xmax>
			<ymax>336</ymax>
		</bndbox>
	</object>
	<object>
		<name>Millennium Falcon</name>
		<pose>Unspecified</pose>
		<truncated>0</truncated>
		<difficult>0</difficult>
		<bndbox>
			<xmin>514</xmin>
			<ymin>333</ymin>
			<xmax>542</xmax>
			<ymax>352</ymax>
		</bndbox>
	</object>
	<object>
		<name>Tie Fighter</name>
		<pose>Unspecified</pose>
		<truncated>0</truncated>
		<difficult>0</difficult>
		<bndbox>
			<xmin>400</xmin>
			<ymin>73</ymin>
			<xmax>734</xmax>
			<ymax>329</ymax>
		</bndbox>
	</object>
</annotation>
