<annotation>
	<folder>images</folder>
	<filename>videoplayback3666.jpg</filename>
	<path>/home/james/W251/MIDS-W251/wk8/hw/images/videoplayback3666.jpg</path>
	<source>
		<database>Unknown</database>
	</source>
	<size>
		<width>1000</width>
		<height>563</height>
		<depth>3</depth>
	</size>
	<segmented>0</segmented>
	<object>
		<name>Tie Fighter</name>
		<pose>Unspecified</pose>
		<truncated>0</truncated>
		<difficult>0</difficult>
		<bndbox>
			<xmin>910</xmin>
			<ymin>267</ymin>
			<xmax>937</xmax>
			<ymax>296</ymax>
		</bndbox>
	</object>
	<object>
		<name>Tie Fighter</name>
		<pose>Unspecified</pose>
		<truncated>0</truncated>
		<difficult>0</difficult>
		<bndbox>
			<xmin>801</xmin>
			<ymin>308</ymin>
			<xmax>834</xmax>
			<ymax>341</ymax>
		</bndbox>
	</object>
	<object>
		<name>Millennium Falcon</name>
		<pose>Unspecified</pose>
		<truncated>0</truncated>
		<difficult>0</difficult>
		<bndbox>
			<xmin>337</xmin>
			<ymin>187</ymin>
			<xmax>697</xmax>
			<ymax>342</ymax>
		</bndbox>
	</object>
</annotation>
